genotype,LDVer.FT,LDVer.RLN,LDVer.TLN,SD.FT,SD.RLN,SD.TLN,PVV4,LHY,CRY2,AXR-1,HH.335C-Col,BH.147L,EC.480C,GD.143L-Col,CD.157C-Col/158L,CC.98L-Col/101C,AD.121C,AD.106L-Col,GH.110C,BH.106L,GD.97L,EG.129C,FD.284L,GD.221C-Col,AD.88C-Col,AD.199L/201C-Col,GI,CH.200C,DF.260L-Col,EC.88C,BF.464C,GD.160C,EG.428L,EG.152L-Col,GH.157L-Col,CC.318C,CD.173L/175C-Col,FD.90L-Col,GH.127L-Col,HH.360L-Col,AD.156C,BF.325L,GH.580L,AD.77L,CH.266C,FD.81L,BF.105C,CH.284C,FD.222L-Col,EG.66L,CH.65C,PHYB,CH.1500C,BF.221L,FD.85C,GB.150L-Col,FD.150C,CC.332C,Erecta,CH.145L-Col/150C,BH.195L-Col,GD.298C,GH.247L,BH.120L-Col,DF.140C,2_16076643,EG.357C/359L-Col,2.9,SNP1,2_18831931,2_19048839,CCA1,2.33,SNP2,T4p13b,3_428984,NGA172,GB.120C-Col,GD.248C-Col/249L,CH.322C,FD.111L-Col/136C,CC.266L,BF.270L-Col/271C,CC.110L/127C,GH.321L/323C-Col,HH.158L,GD.318C/320L,AD.92L,BF.148C,GL1,GB.210L,BF.134C-Col,BH.225C-Col,GD.113C-Col,GD.136C-Col,GD.360L,GD.174C-Col,BF.128C,HH.102C,GD.296C-Col,DF.328C,FD.98C,CC.149L-Col,GH.58C-Col,AD.495L-Col,AD.112L-Col,BH.109L-Col,GB.97L-Col/99C,HH.90L-Col,ANL2,GH.250C,CC.288L,CC.388L,EC.306L,BH.92L-Col,FD.154L,CH.238C,GH.263C-Col,SC5,DF.108L-Col,CH42,AD.307C,AD.115L-Col,FD.167L-Col,CH.70L/71C-Col,AGL24,HH.159C-Col,4_14376142,GB.490C,GB.750C,BH.342C/347L-Col,FD.207L,CH.690C,AD.292L,BH.144L,BH.180C,FLC,BF.269C,Constans,DF.231C,DF.184L-Col,GH.473C,GH.117C,GH.121L-Col,nga139,AD.129L-Col,HH.480C,CC.188L,DF.300C,GB.235C-Col,CD.179L,EC.96L,CD.116L,CC.277L-Col,DFR,AD.75C-Col,GD.350L-Col,GB.223C,DF.450C,HH.445L-Col,CC.262C,FD.345C,HH.143C,BF.168L-Col,DF.119L,GD.222C-Col,FD.188C
,,,,,,,1,1,1,1,1,1,1,1,1,1,1,1,1,1,1,1,1,1,1,1,1,1,1,1,1,1,1,1,1,1,1,1,1,1,2,2,2,2,2,2,2,2,2,2,2,2,2,2,2,2,2,2,2,2,2,2,2,2,2,2,2,2,2,2,2,2,2,2,3,3,3,3,3,3,3,3,3,3,3,3,3,3,3,3,3,3,3,3,3,3,3,3,3,3,3,3,3,3,3,3,3,3,3,4,4,4,4,4,4,4,4,4,4,4,4,4,4,4,4,4,4,4,4,4,4,5,5,5,5,5,5,5,5,5,5,5,5,5,5,5,5,5,5,5,5,5,5,5,5,5,5,5,5,5,5,5,5,5,5,5,5
,,,,,,,0,0.93769,7.12306,8.49976,13.3002,15.96896,16.90008,22.63118,24.2685,31.20979,40.85144,41.80418,50.77598,51.08933,56.66885,57.59139,60.13298,63.04915,64.6649,69.13563,74.27699,75.96356,79.00578,80.99027,84.03182,85.01167,91.2734,98.87611,101.10311,108.0923,111.71349,114.29628,117.56645,123.02293,0,7.02765,13.60545,15.50013,16.11727,18.68402,19.61544,22.51532,26.82393,29.05455,30.94489,35.60491,38.1855,39.41263,43.36874,45.93501,48.14959,50.36543,51.61672,52.23368,55.83536,56.45388,58.03134,60.94589,64.90871,69.2266,74.48636,78.60142,82.9138,85.16282,86.41444,87.76668,89.87898,93.62496,0,2.08669,4.30009,5.98299,11.0358,11.98339,15.16297,18.72179,20.01399,21.7332,25.52217,29.87849,32.80724,35.58546,39.44746,39.4476,42.27541,44.59876,48.29913,49.54993,50.16772,52.98481,54.0021,54.93512,57.50331,60.40273,63.64529,65.21048,72.50735,74.62723,77.38862,78.97295,81.22043,82.15847,82.46415,0,6.78385,19.12706,19.75489,23.71285,28.76104,31.40804,35.72403,36.3409,41.60657,42.97232,47.55828,47.55842,48.83949,50.4513,55.50471,58.172,62.27081,64.43618,68.71538,76.51831,83.19227,0,3.28047,6.25007,7.51955,14.36184,16.2592,20.78443,24.2971,26.17936,31.50232,36.19335,37.12769,41.45678,44.11902,44.77768,48.46403,56.07521,61.2507,63.16807,65.08774,66.69446,68.62488,72.65878,73.64333,80.18536,81.42819,82.67984,83.93008,85.50279,88.7555,91.32892,98.73223,100.62538,106.23787,108.1903,112.66492
164,NA,NA,NA,NA,NA,NA,B,B,B,B,B,B,B,B,B,B,B,B,B,B,B,B,B,B,B,B,B,B,B,B,B,B,B,B,B,B,B,B,B,B,B,B,B,B,B,B,B,B,B,B,B,B,B,B,B,B,B,B,B,B,B,B,B,B,B,B,B,B,B,B,B,B,B,B,B,B,B,B,B,B,B,B,B,B,B,B,B,B,B,B,B,B,B,B,B,B,B,B,B,B,B,B,B,B,B,B,B,B,B,B,B,B,B,B,B,B,B,B,B,B,B,B,B,B,B,B,B,B,B,B,B,B,B,B,B,B,B,B,B,B,B,B,B,B,B,B,B,B,B,B,B,B,B,B,B,B,B,B,B,B,B,B,B,B,B,B,B
163,NA,NA,NA,NA,NA,NA,A,A,A,A,A,A,A,A,A,A,A,A,A,A,A,A,A,A,A,A,A,A,A,A,A,A,A,A,A,A,A,A,A,A,A,A,A,A,A,A,A,A,A,A,A,A,A,A,A,A,A,A,A,A,A,A,A,A,A,A,A,A,A,A,A,A,A,A,A,A,A,A,A,A,A,A,A,A,A,A,A,A,A,A,A,A,A,A,A,A,A,A,A,A,A,A,A,A,A,A,A,A,A,A,A,A,A,A,A,A,A,A,A,A,A,A,A,A,A,A,A,A,A,A,A,A,A,A,A,A,A,A,A,A,A,A,A,A,A,A,A,A,A,A,A,A,A,A,A,A,A,A,A,A,A,A,A,A,A,A,A
1,27.38,8.88,12.38,54.11,29.75,39.25,A,A,A,A,A,A,A,A,A,A,A,A,A,A,A,A,A,A,A,A,A,A,A,A,A,A,A,A,A,B,B,B,B,B,A,A,B,B,B,B,B,B,B,B,B,B,B,B,B,B,B,B,B,B,B,B,B,B,B,A,A,A,A,A,A,A,NA,A,B,B,B,B,B,B,B,B,B,B,A,A,A,A,A,NA,A,A,A,A,A,A,A,A,A,A,A,A,A,A,A,A,A,A,A,B,B,B,B,B,B,B,B,B,B,B,NA,B,B,B,B,B,B,B,B,B,B,A,B,B,B,B,B,B,B,B,B,B,B,B,NA,B,B,B,B,A,A,A,A,A,A,A,A,A,A,A,A,A,A,A,A,A,A
2,23.1,6.8,9.3,39.43,15.14,21.43,A,A,A,A,A,A,A,A,A,A,A,A,A,A,A,A,A,A,A,A,A,A,A,A,A,A,B,B,B,B,B,B,B,B,B,B,B,B,B,B,B,B,B,B,B,B,B,B,B,A,A,A,A,A,A,A,A,A,B,B,B,B,B,B,B,B,B,B,NA,B,B,B,B,B,B,B,B,B,B,B,A,A,A,A,A,A,A,A,A,A,A,A,A,A,A,A,A,A,A,A,A,A,A,B,B,A,A,A,A,A,A,B,B,B,A,A,A,A,A,A,A,A,A,A,B,A,A,A,A,A,A,A,A,A,A,A,A,A,NA,A,A,A,A,A,A,A,A,A,A,A,A,A,A,A,A,A,A,A,A,A,A
3,18.22,4,5.67,22.3,4.1,6.3,B,B,B,B,A,A,A,A,A,A,A,A,B,B,B,B,B,B,B,B,B,B,B,B,B,B,B,B,B,B,B,B,B,B,A,A,A,A,A,A,A,A,A,A,A,A,A,A,A,A,A,A,A,A,A,A,A,A,A,A,A,A,A,A,A,A,A,A,A,A,A,A,A,A,NA,B,B,B,B,B,B,B,B,NA,A,A,A,B,B,B,B,B,B,B,B,B,B,A,A,A,A,A,A,B,B,B,B,B,B,B,B,B,B,B,NA,B,B,B,B,B,B,B,B,B,B,A,A,A,A,A,A,A,A,A,A,A,A,A,NA,A,A,A,A,A,A,A,A,A,A,A,A,A,A,A,A,A,A,A,B,B,B
4,NA,NA,NA,76,44.5,52.75,A,A,A,A,A,A,A,A,A,NA,A,A,A,A,A,B,A,A,A,A,A,A,A,A,A,A,B,B,B,NA,B,B,A,A,A,A,A,A,A,A,A,A,A,A,A,NA,A,A,A,A,A,NA,A,A,A,A,A,A,A,A,A,A,NA,A,A,A,A,A,B,A,A,A,A,A,A,NA,A,NA,A,A,A,A,B,NA,B,B,B,B,B,B,B,B,B,B,A,A,NA,A,A,A,A,A,A,A,A,NA,NA,B,B,B,B,B,B,B,NA,B,B,B,B,B,B,B,B,A,A,B,B,B,B,B,B,B,B,B,B,B,B,B,NA,B,B,NA,B,B,B,B,B,NA,B,B,B,B,B,B,NA,B,B,B,B,B,B
5,18.2,5,7.2,23.5,5.3,7.7,B,B,B,B,B,B,B,B,B,B,A,A,A,A,A,A,A,A,A,A,A,A,B,B,B,B,B,B,B,B,B,B,B,B,A,A,A,A,A,A,A,A,A,A,A,A,A,A,A,A,A,A,A,A,A,A,A,A,A,A,A,A,A,A,A,A,A,A,A,A,A,A,A,A,A,A,A,A,A,A,A,A,A,A,A,A,A,A,A,A,A,A,A,A,A,A,A,A,A,A,A,A,A,B,B,B,B,A,A,A,A,A,A,A,A,A,A,A,A,A,A,A,A,B,B,A,A,A,A,A,A,A,A,A,A,A,A,B,NA,B,B,B,B,B,B,B,B,B,B,A,A,A,A,A,A,A,A,A,A,A,A
6,20.67,5.56,7.22,22.8,6,7.9,B,B,B,B,B,B,B,B,B,B,B,B,B,B,B,A,A,A,A,A,A,A,A,A,A,A,A,B,B,B,B,B,B,B,B,B,B,B,B,B,B,B,B,B,B,B,B,B,B,B,B,B,B,B,B,B,B,B,B,B,B,B,B,B,B,B,B,B,B,B,B,B,B,B,B,B,B,B,B,B,B,B,B,B,B,B,B,B,B,B,B,B,B,B,B,B,B,B,B,B,B,B,B,NA,NA,A,A,A,A,B,B,B,B,B,B,B,B,B,B,B,B,B,B,B,B,A,A,A,A,A,A,A,A,A,A,A,A,A,NA,A,A,A,A,A,A,A,A,A,A,A,A,A,B,B,B,B,B,B,A,A,A
7,26.6,10.4,13.4,63.56,37.89,46.89,A,A,A,A,A,A,A,A,A,A,B,B,B,B,B,B,B,B,B,B,B,B,B,B,B,B,B,B,B,B,B,B,B,B,A,A,A,A,A,A,A,A,A,A,A,NA,A,A,A,A,A,A,A,A,A,A,A,A,A,A,A,A,A,A,A,A,A,A,A,A,A,A,A,A,A,A,A,A,A,A,A,A,A,NA,A,B,NA,NA,B,A,A,A,A,A,A,A,B,B,B,B,B,B,B,B,B,B,B,B,A,A,A,A,A,A,NA,A,A,A,A,A,A,A,A,A,A,B,B,B,B,B,B,B,B,B,B,B,B,B,NA,B,B,A,A,B,B,B,B,A,A,A,A,A,A,A,A,A,A,A,A,A,A
8,19.8,5.2,7.2,24.33,6,8.78,B,B,B,B,B,A,A,A,A,A,A,B,B,B,B,B,B,B,B,B,B,B,B,B,B,B,B,B,B,B,B,B,B,B,B,B,A,A,A,A,A,B,B,A,A,NA,A,A,A,A,A,A,A,A,A,A,A,A,A,A,A,A,A,A,A,A,A,A,B,B,A,A,A,A,A,A,A,A,A,A,A,A,A,A,A,A,A,A,A,A,A,A,A,A,A,A,A,A,A,A,A,A,A,A,A,B,B,B,A,A,A,A,A,A,A,A,A,A,B,B,B,B,B,B,B,A,A,A,A,B,B,B,B,B,B,B,B,A,A,A,A,A,A,A,A,A,A,A,A,A,A,A,A,A,A,A,A,A,A,A,A
9,20,5.44,7.22,24.1,4.6,6.3,B,B,B,B,B,B,B,B,B,B,B,B,B,B,B,B,B,B,B,B,B,B,A,A,A,A,A,A,A,A,A,A,A,A,B,B,B,B,B,B,B,B,B,B,B,B,B,B,B,B,A,A,A,A,A,A,A,A,A,A,A,A,B,B,B,NA,B,B,A,A,A,A,A,A,A,A,A,B,B,B,B,B,B,B,B,B,B,B,B,B,B,B,B,B,B,B,B,A,A,A,A,A,A,B,B,B,B,B,B,B,B,B,B,B,NA,B,B,B,B,B,B,B,B,B,B,A,A,A,A,A,A,A,A,A,A,A,A,A,A,A,A,B,B,B,B,B,B,B,B,B,B,B,B,B,B,B,A,A,A,A,A
10,25.22,9.22,12.33,59.2,33.4,44.4,B,B,B,B,B,B,B,B,B,B,B,B,B,B,B,B,B,A,A,A,A,A,A,A,A,A,B,B,B,B,B,B,B,B,A,A,A,A,A,A,A,A,A,A,A,A,A,A,A,A,A,B,B,B,B,B,B,B,B,B,B,B,B,B,B,B,A,NA,B,B,B,B,B,B,B,B,B,B,B,B,B,A,A,A,A,A,A,A,A,A,A,A,A,A,A,A,A,B,B,B,B,B,B,B,B,B,B,B,B,B,A,A,A,A,A,A,A,A,A,A,A,A,A,B,B,B,B,B,B,B,B,B,B,B,B,B,B,B,NA,B,B,B,B,B,B,B,B,B,B,B,A,A,A,A,A,A,A,A,A,A,A
11,19.44,5.33,7.11,27.4,5.4,7.9,B,B,B,B,A,A,A,A,A,A,A,A,A,A,B,B,B,B,B,B,B,B,B,B,B,B,B,B,B,B,B,B,B,B,A,A,A,A,A,A,A,A,A,A,A,B,B,B,B,B,B,B,B,A,A,A,A,A,A,A,A,A,A,A,A,A,A,A,A,B,B,B,A,A,B,B,B,B,B,B,B,B,B,NA,B,B,B,B,B,B,B,B,B,B,B,B,A,A,A,A,A,A,A,A,A,B,B,B,B,B,B,B,A,A,A,A,A,A,A,A,A,A,A,A,A,A,A,A,A,A,A,A,A,A,A,A,A,A,NA,A,A,A,A,A,A,A,A,A,A,A,A,A,A,A,A,A,A,A,A,A,A
12,16.8,4.1,6,21.13,4.25,6.75,B,B,B,B,B,B,B,B,B,B,B,B,B,B,A,A,A,A,A,A,NA,A,A,A,A,A,A,A,A,A,B,B,B,B,B,B,B,B,B,A,A,A,A,A,A,A,A,A,A,A,A,A,A,A,A,A,A,A,A,NA,A,A,A,NA,NA,NA,A,A,B,NA,B,B,B,B,B,B,B,B,A,A,A,A,A,A,A,A,A,A,A,A,A,A,A,A,A,A,A,A,A,A,A,A,A,A,A,A,A,A,A,A,A,A,NA,B,NA,B,B,B,B,NA,A,A,A,A,A,B,B,B,B,B,B,B,NA,A,A,A,A,A,NA,A,A,A,A,A,A,A,A,A,A,A,A,A,A,A,B,B,B,B,B,B,B
13,25.1,8.8,11.4,48.44,26.33,37.25,A,A,B,B,B,B,B,B,B,B,B,A,A,A,A,A,A,A,A,A,A,A,A,A,A,A,A,A,A,A,B,B,B,A,A,B,A,A,A,B,B,B,B,B,A,NA,A,A,A,A,A,A,A,A,A,A,A,A,A,A,A,A,A,A,A,A,A,A,NA,A,A,A,A,A,A,A,A,A,A,A,A,A,A,A,A,A,A,A,A,A,A,A,A,A,A,A,A,A,A,A,A,A,A,A,A,A,A,A,A,A,A,A,A,A,A,A,A,A,A,A,A,A,A,A,A,B,B,B,B,B,B,A,B,B,B,B,B,B,NA,B,B,B,B,B,B,A,A,A,A,B,B,B,B,B,A,A,A,A,A,A,B
14,24,6.6,9.6,51,25.5,34.13,A,A,A,A,A,A,A,A,A,A,A,A,A,A,A,A,B,B,B,B,B,B,B,B,B,B,B,B,B,B,B,B,B,A,A,B,B,B,B,B,B,B,B,B,B,A,A,B,B,B,B,B,B,B,B,B,B,B,B,A,A,A,A,A,A,A,A,A,B,B,B,B,B,B,B,B,B,B,B,B,B,A,A,A,A,A,A,A,A,A,A,A,B,B,B,B,B,B,B,B,B,B,B,B,B,B,B,B,B,B,B,B,A,A,A,A,A,A,A,A,A,A,A,A,B,B,B,B,B,B,B,B,B,B,B,B,B,B,B,B,A,A,A,A,A,A,A,A,A,A,A,A,A,A,A,A,A,A,A,A,A
15,21.75,6.38,8.25,26.7,7,8.9,B,B,B,B,B,B,B,B,B,B,B,B,B,B,B,B,B,B,B,B,B,B,B,B,B,A,A,A,A,A,A,A,A,A,B,A,A,A,A,A,A,B,B,B,B,B,B,B,B,B,B,B,B,B,B,B,B,B,B,B,B,B,B,B,B,B,B,B,A,A,A,A,B,B,B,B,B,B,B,NA,NA,NA,A,A,A,A,A,A,A,A,A,A,A,A,B,B,A,A,A,A,A,A,A,B,B,B,B,B,B,B,B,B,B,B,B,B,B,B,B,B,B,B,B,B,B,B,B,B,B,A,A,A,A,A,A,A,A,B,B,B,B,B,B,B,B,B,B,B,B,B,B,B,B,B,B,B,A,A,A,A,A
16,23.1,7.1,9.4,41.33,18.22,22.33,A,A,A,A,A,A,A,A,A,A,A,A,A,A,A,A,A,A,A,A,A,A,A,A,A,A,A,A,A,A,A,A,A,A,B,B,B,B,B,B,B,B,B,B,B,NA,B,B,B,B,B,B,B,B,B,B,B,B,B,B,B,A,A,A,B,B,B,A,A,A,A,A,A,A,A,A,A,A,A,A,A,A,A,A,A,A,A,A,A,A,A,A,A,A,A,A,A,A,A,A,A,A,A,B,A,A,A,A,A,A,B,B,B,B,B,B,B,B,A,A,A,B,B,B,B,A,A,A,A,A,A,A,A,A,A,A,A,A,NA,A,A,A,A,A,A,A,A,A,A,A,A,A,A,A,A,A,A,A,A,A,A
17,23.33,6.67,9.56,48.3,19.5,28,A,A,A,A,B,B,B,B,B,B,A,A,B,B,B,B,B,A,A,NA,A,NA,A,A,A,A,A,A,A,A,A,B,B,A,B,A,A,A,A,A,A,A,A,A,A,A,A,A,A,A,A,A,A,A,A,A,A,A,A,A,A,A,A,A,A,A,A,A,A,A,A,A,A,A,A,A,A,NA,B,B,B,B,A,A,A,A,A,A,A,A,A,A,A,A,A,A,A,A,A,A,A,A,A,B,B,A,A,A,A,A,A,A,A,A,A,A,A,A,B,B,B,B,B,A,A,A,A,A,A,A,A,A,A,A,B,B,B,A,A,A,A,A,A,A,A,A,A,A,A,A,A,A,A,A,A,A,A,A,A,A,A
18,21.8,6.6,9.1,50.5,22.25,29.63,A,A,A,A,A,A,A,A,A,A,A,A,A,A,A,A,A,A,A,NA,A,A,A,A,A,A,A,A,A,A,A,A,A,A,A,A,A,A,A,A,A,A,A,A,A,NA,A,A,A,A,A,A,A,A,A,A,A,A,A,A,A,A,NA,A,A,A,A,NA,A,A,A,A,A,A,A,A,A,A,NA,NA,NA,NA,NA,NA,NA,B,B,B,B,B,B,B,B,A,A,A,A,A,A,A,A,A,A,A,A,A,A,A,A,A,A,A,A,A,NA,A,A,A,A,A,A,A,A,A,A,A,A,A,A,A,A,B,B,B,B,B,B,B,NA,B,B,B,B,B,B,B,B,B,B,B,B,B,B,B,B,B,B,B,B,B,B
19,25.2,8.9,11.1,53.6,26.4,35.6,A,A,A,A,A,A,A,B,B,B,B,B,A,A,B,B,B,B,B,B,B,B,B,B,B,B,A,A,A,A,A,A,A,A,A,A,A,A,A,A,A,A,B,B,B,B,B,B,B,B,B,B,B,B,B,B,B,B,B,B,B,A,B,B,B,B,B,B,B,B,B,B,B,B,B,A,A,A,A,A,A,A,A,A,A,A,A,A,A,A,A,A,A,A,A,A,A,A,A,A,A,A,A,B,A,A,A,B,A,A,A,A,A,A,NA,A,A,A,A,A,A,A,A,A,A,B,B,B,A,A,A,A,A,A,A,A,A,A,NA,A,A,A,A,A,A,A,A,A,A,A,A,A,A,A,A,A,A,A,A,A,A
20,20.7,5.8,7.8,56.4,32.6,40.8,B,B,B,B,B,B,B,B,B,B,B,B,A,A,A,A,A,A,B,B,B,B,B,B,B,B,B,B,B,B,B,B,B,B,A,A,A,A,A,A,A,A,A,A,A,A,A,A,A,A,A,A,A,A,A,B,B,B,B,B,B,B,B,B,B,B,B,B,A,A,A,A,A,A,A,A,A,A,A,A,A,A,A,NA,A,B,B,B,NA,NA,NA,B,B,A,A,A,A,NA,A,B,B,B,B,B,B,B,B,B,B,B,B,B,B,A,NA,A,A,A,A,A,A,NA,A,A,A,NA,B,B,B,B,B,B,B,B,B,B,B,B,A,A,B,B,B,B,B,B,B,B,B,B,B,B,B,B,B,B,B,B,B,B,B
21,21.7,6.6,9.5,41.67,17.89,25,A,A,A,A,A,A,A,A,A,A,B,B,B,B,B,B,A,A,A,A,A,A,A,A,A,A,A,B,B,B,B,B,B,B,A,A,A,A,A,A,A,A,A,A,A,NA,A,A,A,A,A,A,A,A,A,A,A,A,A,A,A,A,NA,A,A,A,A,NA,A,A,A,A,A,A,A,A,A,A,A,A,A,A,B,NA,A,A,A,A,A,A,A,A,A,A,A,A,A,A,A,A,A,A,A,B,B,B,B,B,B,B,B,B,B,B,NA,B,NA,B,B,B,B,B,B,A,A,A,A,A,A,A,A,A,A,A,A,A,A,A,A,A,A,B,B,B,B,B,B,B,B,B,B,B,B,B,A,A,A,A,A,A,A
22,17.4,5,6.5,24.8,6.9,9.4,B,B,B,B,B,B,B,B,B,B,B,B,B,B,B,B,B,B,B,B,B,B,B,B,A,A,A,A,B,B,B,B,B,B,A,A,A,A,A,A,A,A,A,A,A,NA,A,A,A,A,A,A,A,A,A,A,A,A,A,A,A,A,NA,A,A,A,NA,NA,A,A,A,A,A,A,A,A,A,A,A,A,A,A,A,A,A,A,A,B,B,B,B,B,B,B,B,B,B,B,B,B,B,B,B,B,B,B,B,NA,A,A,A,A,A,A,A,A,A,A,A,A,B,B,B,B,B,A,A,A,A,A,A,A,A,A,B,B,B,B,B,B,A,A,A,A,A,A,A,A,A,A,A,B,B,B,B,B,B,B,B,B,B
23,27,8.6,10.8,71.88,41,55.63,A,A,A,A,A,A,A,A,B,NA,NA,A,A,A,A,A,A,A,A,A,A,A,A,A,A,A,A,A,A,A,B,B,B,B,B,B,B,B,B,B,B,B,B,B,B,NA,B,B,B,B,B,B,B,B,B,B,B,B,B,B,B,B,NA,A,A,A,B,NA,B,B,B,B,B,B,B,B,B,B,B,B,B,B,B,NA,B,B,B,B,B,B,B,B,B,B,B,B,A,A,A,A,A,A,A,A,A,A,A,B,B,A,A,A,A,A,NA,A,A,A,A,A,B,B,B,B,B,B,B,B,B,B,B,B,B,B,B,B,B,B,NA,B,B,B,B,B,B,B,B,B,B,B,B,B,B,B,B,A,A,A,A,A,A
24,18,4.8,6.4,23.67,5.33,7.17,B,B,B,B,B,B,B,B,B,B,B,B,B,B,A,A,A,A,A,A,A,A,A,A,A,A,A,A,A,A,A,A,A,A,B,B,B,B,B,B,B,B,B,B,B,B,B,B,B,B,B,B,B,B,B,B,B,A,A,A,A,A,A,A,A,A,A,A,B,B,B,B,B,B,B,B,B,B,B,B,B,B,B,NA,B,B,B,B,B,B,B,B,B,B,B,B,B,B,B,B,B,B,B,B,B,B,B,B,B,B,B,B,B,B,NA,B,A,A,A,A,A,A,A,A,A,A,B,A,A,A,A,A,A,A,A,A,A,A,NA,A,A,A,A,A,B,B,B,B,B,B,B,B,B,B,B,B,B,B,B,B,B
25,20,6,8.4,29,8,11.89,A,A,B,B,B,B,B,B,B,B,B,B,B,B,B,B,A,A,B,B,B,B,B,B,B,B,B,B,B,A,B,B,B,B,B,A,A,A,A,A,A,A,A,A,A,A,A,A,A,A,A,B,B,B,B,B,B,B,A,A,B,B,B,B,B,A,A,B,B,B,B,B,B,B,B,B,B,B,B,B,A,A,A,A,A,A,A,A,A,A,A,A,A,A,A,A,A,A,A,A,B,B,B,A,A,A,A,A,A,A,A,A,A,A,A,A,A,A,A,A,A,A,A,A,A,B,B,B,B,B,B,B,B,B,B,A,A,A,NA,A,A,A,A,A,A,A,A,A,A,A,A,A,A,A,A,A,B,B,B,B,B
26,27.1,13,16.9,62.75,43.63,52.88,B,B,A,A,B,B,B,B,B,B,A,A,A,A,A,A,A,B,B,B,B,B,B,B,B,B,B,B,B,B,B,B,A,A,A,A,A,A,A,A,A,A,A,A,A,A,A,A,A,A,A,A,A,A,A,A,A,A,A,A,A,A,NA,A,A,A,A,A,B,B,B,B,B,B,B,B,B,B,A,A,A,A,A,NA,A,A,A,A,A,A,A,A,A,A,A,A,A,A,A,A,A,A,A,B,B,A,A,A,A,A,A,A,B,B,NA,B,B,B,A,A,A,A,A,B,A,B,B,B,B,B,B,B,B,B,B,B,B,B,B,B,B,A,A,A,B,B,B,B,B,B,B,B,B,B,B,B,A,A,A,A,A
27,17.7,4.2,6.2,26.1,6.4,9.3,B,B,B,B,B,B,B,B,B,B,B,B,B,B,B,B,B,B,B,B,A,A,A,A,A,A,A,A,A,B,B,B,B,B,B,B,B,A,A,A,A,A,A,A,A,A,A,A,A,A,A,A,A,A,A,A,A,A,A,A,A,A,A,A,A,A,A,A,A,A,A,A,A,A,A,A,A,A,A,A,A,A,A,A,A,A,A,A,A,A,A,A,A,A,A,A,B,B,B,B,B,B,B,B,A,A,A,B,B,B,B,B,B,B,B,B,B,B,B,B,B,B,B,B,B,B,B,B,B,B,B,B,B,B,A,A,A,A,NA,A,A,A,A,A,A,A,A,A,A,A,A,A,A,A,B,NA,B,B,B,B,B
28,19.1,5.1,7.6,39.7,16.2,21.9,B,B,B,NA,A,A,A,NA,NA,A,A,A,A,A,A,A,A,A,A,A,A,A,A,A,A,A,A,A,B,B,B,B,B,B,A,B,B,B,B,B,B,B,A,A,A,A,A,A,A,A,A,A,A,A,A,A,A,A,A,A,A,A,NA,A,A,A,A,NA,B,B,B,B,B,B,B,A,A,A,A,A,A,A,A,NA,A,A,A,A,A,A,A,A,A,A,A,A,B,B,B,B,B,B,B,B,B,B,B,B,B,B,B,B,B,B,NA,B,B,B,B,B,B,B,A,A,A,A,B,B,B,B,B,B,B,B,B,B,B,B,NA,B,B,B,B,B,B,B,B,B,B,B,B,B,B,B,B,NA,B,B,B,B,B
29,19.7,5.7,7.9,25.5,7.2,10.1,B,B,B,B,B,B,B,B,B,A,A,A,B,B,B,B,B,B,B,B,B,B,B,B,B,B,B,B,B,A,A,A,A,A,A,A,A,A,A,A,A,A,A,A,A,A,A,A,A,A,A,A,A,A,B,B,B,B,B,B,B,B,B,B,B,B,B,B,B,B,B,B,B,B,B,B,B,B,B,B,B,B,B,NA,B,B,B,B,B,B,B,B,B,B,B,B,B,B,B,B,B,B,B,A,A,A,A,A,A,A,A,A,A,A,NA,A,A,A,A,A,A,A,A,A,A,A,A,A,A,A,A,A,A,A,A,A,A,B,B,B,B,B,B,B,B,B,B,B,B,B,B,B,B,B,B,NA,B,A,A,A,A
30,24.3,6.7,9.5,66.88,37,44,A,A,A,A,B,B,B,B,B,A,A,A,A,A,A,A,A,A,A,A,A,A,B,B,B,B,B,B,B,B,B,B,B,B,B,B,B,B,B,B,B,B,B,B,B,B,B,B,B,B,B,B,B,B,B,B,B,B,B,B,B,B,B,B,B,B,B,B,A,A,A,A,A,A,A,A,A,A,A,A,A,A,A,NA,A,A,A,A,A,B,B,B,B,B,B,B,NA,B,B,B,B,B,B,B,B,B,B,B,B,B,B,B,B,B,NA,A,A,A,A,A,A,A,A,A,A,B,B,B,B,B,B,B,B,B,B,B,B,B,NA,B,B,B,B,B,B,B,B,B,B,B,B,B,B,B,B,B,B,B,B,B,B
31,22.33,5.89,8,43.22,16.33,22.33,A,A,A,A,B,B,B,B,B,B,A,A,A,A,A,A,A,A,A,A,A,A,A,A,A,A,A,A,A,A,A,A,A,A,B,B,B,B,B,B,A,A,A,A,A,A,A,A,A,A,A,A,A,A,A,A,A,A,A,A,A,A,A,A,A,A,A,A,A,A,A,A,A,A,B,B,B,B,B,B,A,A,A,NA,A,A,A,A,A,A,A,A,A,A,A,A,A,A,A,A,A,A,A,B,B,B,B,B,B,B,B,B,A,B,NA,B,B,B,A,A,A,A,A,A,A,A,A,A,A,A,A,B,B,B,B,B,B,B,NA,B,B,B,B,B,B,B,B,B,B,B,B,B,B,B,B,NA,B,B,B,B,B
32,18.3,5,6.9,23,4.5,6.6,B,B,B,B,B,B,B,B,B,B,B,B,B,B,B,B,B,B,NA,NA,B,B,B,A,A,A,A,B,B,B,B,B,B,B,B,B,B,A,A,A,A,A,A,A,A,A,A,B,B,B,B,B,B,B,B,B,A,A,A,A,A,A,NA,A,A,A,A,NA,NA,B,B,B,B,B,B,B,B,B,B,B,B,B,B,B,B,B,B,B,B,B,B,B,B,B,B,B,A,B,B,B,B,B,B,A,A,A,A,A,A,A,A,A,A,A,A,A,A,A,A,A,A,A,A,A,A,B,B,B,B,A,A,A,A,A,A,A,A,A,NA,A,A,A,A,A,A,A,A,A,A,A,A,A,A,A,A,A,A,A,B,B,B
33,24.1,8.7,12.2,45.33,23.56,30.44,A,A,A,A,A,A,A,A,A,A,B,B,A,A,A,A,A,A,A,A,A,A,A,A,A,A,A,A,A,A,A,A,A,A,A,A,A,A,A,A,A,A,A,A,A,A,A,A,A,A,A,A,B,B,B,B,B,B,A,A,A,B,B,B,B,B,B,B,A,A,A,A,A,A,A,A,A,A,A,A,A,A,A,A,A,A,A,A,A,A,A,A,A,A,A,A,A,A,A,A,A,A,A,B,B,B,B,B,B,B,B,B,B,B,NA,B,B,B,B,B,B,B,B,B,B,A,A,A,A,A,A,A,A,A,A,A,A,A,NA,A,A,A,A,A,A,A,A,A,A,A,A,A,A,A,A,A,A,A,A,A,B
34,20.4,5.5,8.3,25.33,6.89,9.78,B,A,B,B,B,B,B,B,B,NA,A,A,A,A,B,B,B,B,B,B,B,B,B,B,B,B,B,B,B,B,B,B,B,B,B,B,B,B,B,B,B,B,B,B,A,A,B,A,A,A,A,A,A,A,A,NA,NA,NA,NA,NA,NA,A,A,A,A,A,A,A,A,B,B,B,A,A,A,A,A,A,A,A,A,A,B,B,B,B,B,A,A,A,A,A,A,A,A,A,A,A,A,A,A,A,A,B,B,B,B,B,A,A,A,A,A,A,A,A,A,A,A,A,A,A,A,A,A,A,A,A,A,A,A,A,A,A,A,A,A,A,NA,A,A,A,A,A,A,A,A,A,A,A,A,A,A,A,A,A,A,A,A,A,A
35,18.6,4.4,6.4,23.3,4.8,6.6,B,B,B,B,B,B,B,B,B,B,B,B,B,B,B,B,B,B,B,B,B,B,B,B,A,A,A,A,A,A,A,A,A,A,B,B,B,B,B,B,B,B,A,A,A,A,A,A,A,A,A,A,A,A,A,A,A,A,A,A,A,A,A,A,A,A,A,A,B,B,B,B,B,B,B,B,B,B,B,A,A,A,A,A,A,A,A,A,A,A,A,A,A,A,A,A,A,B,B,B,B,B,B,A,A,A,A,A,B,B,B,B,B,B,B,B,A,A,A,A,A,A,A,A,A,A,A,A,A,A,A,A,A,A,A,A,A,A,A,A,B,B,B,B,B,B,B,B,B,B,B,B,B,A,A,A,A,A,A,A,A
36,20.2,5.3,7.1,39.1,15.5,19.8,B,B,B,A,A,A,A,A,A,A,A,A,A,A,A,A,B,B,B,B,B,B,B,B,B,B,B,B,B,B,B,B,A,A,A,A,A,A,A,A,A,A,A,A,A,A,A,A,A,A,B,B,B,B,A,A,A,A,A,A,B,B,B,B,B,B,B,B,A,A,A,A,A,A,A,A,A,A,A,A,A,A,A,NA,A,A,A,A,A,A,A,A,A,A,A,A,A,A,A,A,A,A,A,A,B,B,B,B,B,B,B,B,B,B,NA,B,B,B,B,B,B,B,B,B,B,B,B,B,B,B,B,B,B,B,A,A,A,A,NA,A,A,A,B,B,B,B,A,A,A,B,B,B,B,B,B,B,B,B,B,B,B
37,24.4,7.7,10.3,58.6,32.5,41.1,B,B,A,A,A,A,A,A,A,A,A,A,A,A,A,A,A,A,A,A,A,A,A,A,A,A,B,B,B,B,B,B,B,B,A,A,A,A,A,A,A,A,B,B,B,B,B,B,B,B,B,B,B,B,A,A,A,A,A,A,A,A,B,B,B,B,B,B,B,B,B,B,B,B,B,B,B,B,B,A,A,A,A,NA,A,A,A,A,A,A,A,A,B,B,B,B,B,B,B,B,B,B,B,A,A,A,A,A,A,A,A,A,A,A,NA,A,A,A,A,A,A,A,A,A,A,B,A,A,A,A,B,B,B,B,B,B,B,B,NA,B,B,B,B,B,B,B,B,B,NA,NA,NA,B,B,B,B,NA,NA,NA,B,B,B
38,22.8,6.7,9.2,45.33,21.11,27,A,A,A,A,A,A,A,A,A,A,A,A,A,A,A,A,A,A,A,A,A,A,A,A,A,A,A,A,A,A,A,A,A,A,B,B,B,B,B,B,B,B,B,B,B,B,B,B,B,B,B,B,B,B,B,B,B,B,B,A,A,A,A,A,A,A,NA,A,A,A,A,A,A,A,A,A,A,A,A,A,A,A,B,B,B,B,B,B,B,B,A,A,A,A,B,B,B,B,B,B,B,B,B,A,A,A,A,A,A,A,A,A,A,A,A,A,A,B,B,A,A,A,A,A,A,A,A,A,A,A,A,A,A,A,A,A,A,A,NA,A,A,A,A,A,A,A,A,A,A,A,A,A,A,A,A,A,A,A,A,A,A
39,23.4,7.4,10.4,48.2,23.3,28,A,A,A,A,A,A,A,A,A,A,B,B,NA,B,B,B,B,B,B,B,B,B,B,A,A,A,A,A,B,B,B,B,B,B,A,A,A,A,A,A,A,A,A,A,A,A,A,A,A,A,A,NA,A,A,A,A,A,A,A,A,A,A,A,A,A,A,A,A,NA,A,A,A,A,A,A,A,A,A,A,A,B,B,A,NA,A,A,A,A,A,A,A,A,A,A,A,A,NA,B,B,B,B,B,B,A,A,A,A,A,A,B,B,B,B,B,NA,B,B,B,B,B,B,B,B,B,B,A,A,A,A,A,A,A,A,A,A,B,B,B,B,B,B,A,A,A,A,A,A,A,A,A,A,A,A,A,A,A,A,A,A,A,A
40,18.6,4.6,6.5,24.5,7.1,9.3,B,B,B,B,B,B,B,B,B,B,A,A,A,A,A,A,A,A,A,A,A,A,A,A,A,A,B,B,B,B,B,A,A,A,A,A,B,B,B,B,B,B,B,B,B,B,B,B,B,B,B,B,B,B,B,B,B,B,B,B,B,B,B,B,B,B,B,B,NA,A,A,A,A,A,A,A,A,A,A,A,B,B,B,NA,B,B,B,B,B,B,B,B,B,B,B,B,B,B,B,A,A,A,A,A,A,A,A,A,A,A,A,A,A,A,A,A,B,B,B,B,B,B,B,B,B,A,A,A,A,A,A,A,A,A,A,A,A,A,NA,A,A,A,A,A,A,A,A,A,A,B,B,B,B,B,B,B,B,B,B,B,B
41,18.44,5,6.89,25.5,6.13,8.75,B,B,B,B,B,B,B,B,B,B,A,A,A,A,A,A,A,A,A,B,B,A,A,A,A,A,A,A,A,A,A,A,A,A,B,B,B,B,B,B,B,B,B,B,B,B,B,B,B,B,A,A,A,A,A,A,A,A,A,A,A,A,A,A,A,A,A,A,A,A,A,A,A,A,A,A,A,A,A,A,A,A,A,A,A,A,A,A,A,A,A,A,A,A,B,B,B,B,B,B,B,B,B,A,A,A,A,A,A,A,B,B,B,B,NA,B,B,B,B,B,B,B,B,B,B,B,B,B,B,A,A,B,B,A,A,A,A,A,NA,A,A,A,A,A,A,A,A,A,A,A,A,A,A,A,A,A,A,A,A,A,A
42,22,6.3,8.9,37.7,11.7,16.9,A,A,A,A,A,A,B,B,B,B,B,B,B,B,B,B,B,B,B,B,B,B,B,B,B,B,B,B,B,B,B,B,B,B,B,B,B,B,B,B,B,B,B,B,B,B,B,B,B,B,B,B,B,B,A,A,A,A,A,A,A,A,A,A,A,A,A,A,B,B,B,B,B,B,B,B,B,B,B,B,B,B,B,NA,B,B,A,A,A,A,A,A,A,A,A,A,A,A,A,A,A,A,A,A,A,A,A,A,A,A,A,A,A,A,NA,A,A,A,A,A,A,A,A,A,A,B,B,B,B,B,B,B,B,B,A,A,A,A,B,B,B,B,B,B,B,B,B,B,B,B,B,B,B,B,B,B,B,B,B,B,B
43,21.33,6.33,8.78,29.63,6.63,9.38,B,B,B,B,B,B,B,B,B,NA,NA,NA,B,B,B,B,B,B,B,A,A,A,A,A,A,A,A,A,A,A,A,B,B,A,A,A,B,A,A,B,B,B,B,B,B,NA,B,B,B,B,B,B,B,B,A,A,A,A,A,A,A,A,NA,A,A,A,A,A,B,B,B,B,B,B,B,B,B,B,B,A,A,A,A,A,A,A,A,A,A,A,A,A,B,B,B,B,B,B,A,A,A,A,B,A,A,A,A,A,A,A,A,A,B,B,B,B,B,B,B,B,B,B,B,B,B,A,B,B,B,A,A,A,A,B,B,B,B,B,NA,B,B,B,B,B,B,B,A,A,A,A,A,A,A,A,A,A,A,A,A,A,A
44,25.7,7.4,9.8,45.5,16.83,21.5,A,A,A,A,A,A,A,A,A,A,A,A,A,A,A,A,A,A,A,A,A,A,A,A,A,A,A,B,B,B,B,B,B,B,B,B,B,B,B,B,B,B,B,B,B,B,B,B,B,B,B,B,B,B,B,B,B,B,B,B,B,NA,B,B,B,B,NA,NA,NA,A,NA,A,B,B,B,B,B,B,B,B,B,A,A,A,A,A,A,A,A,A,A,A,A,A,A,A,A,A,A,A,A,A,A,B,B,B,B,B,B,B,B,B,B,B,B,B,B,B,B,B,B,B,B,B,B,A,A,A,A,A,A,A,A,A,A,A,A,A,NA,A,A,A,A,A,A,A,A,A,A,A,A,A,A,A,A,A,A,A,A,A,A
45,25.3,8.1,11.6,66.5,37.13,47.5,A,A,A,A,A,A,A,A,A,A,A,A,A,A,A,B,B,B,B,B,B,B,B,B,B,B,B,B,B,B,B,B,A,B,A,A,A,A,A,A,A,A,A,A,A,A,A,A,A,A,A,A,A,A,A,A,A,A,A,A,A,A,A,A,A,A,NA,A,B,B,B,B,A,A,A,A,A,A,A,A,A,A,A,NA,A,A,A,A,A,A,A,A,A,A,A,A,A,A,A,A,A,A,A,A,A,A,A,A,A,A,A,A,A,A,NA,A,A,A,A,A,A,A,A,A,A,B,B,B,B,B,B,B,B,B,B,B,B,B,NA,B,B,B,B,B,B,B,B,B,B,B,B,B,B,B,B,B,B,B,B,B,B
46,20.57,5.57,7.57,37.44,13.22,17.67,A,A,A,A,A,A,A,A,A,A,A,A,A,A,A,A,A,A,A,A,A,A,A,A,A,A,A,A,B,B,B,B,B,B,B,B,B,B,B,B,B,B,B,B,B,B,B,B,B,B,B,B,B,B,B,B,B,B,B,B,B,B,A,A,A,A,A,A,A,A,A,A,A,A,A,A,A,A,A,A,A,A,A,NA,A,A,A,A,A,A,A,A,A,A,A,A,A,A,B,B,B,B,B,B,B,B,B,B,B,B,B,B,B,B,NA,A,A,A,A,A,A,A,A,A,A,A,A,A,A,A,A,B,B,B,B,A,A,A,NA,A,A,A,A,A,A,A,A,A,A,A,A,A,A,A,B,B,B,B,B,B,A
47,19.5,5.7,8.1,24.7,5.3,8.1,B,B,B,B,B,B,B,B,B,B,A,A,A,A,A,A,A,A,A,A,A,A,A,A,A,A,A,B,B,B,B,B,B,B,A,A,A,A,A,B,B,B,B,B,B,B,B,B,B,B,B,B,B,B,B,B,B,B,B,A,A,A,A,A,A,A,A,A,A,A,A,A,A,A,A,A,A,A,B,B,B,B,B,B,B,B,A,A,A,A,A,A,A,A,A,A,A,A,A,B,B,B,B,B,B,B,B,B,B,B,A,A,A,A,A,A,A,A,A,A,A,A,A,A,A,A,A,A,A,A,NA,A,A,A,A,A,A,A,NA,A,A,A,A,A,A,A,A,A,A,A,A,A,A,A,A,A,A,A,A,A,A
48,25.2,7.6,10.5,72.25,40.5,53.57,A,A,A,A,A,A,A,A,A,A,A,A,A,A,A,A,A,A,A,A,A,A,A,A,A,A,A,B,B,B,B,A,A,A,B,B,B,B,B,B,B,B,B,B,B,NA,B,B,B,B,B,B,B,B,B,B,B,B,B,B,B,B,B,B,B,B,B,B,B,B,A,A,A,A,A,A,A,A,A,A,A,A,A,NA,A,A,A,A,A,A,A,A,A,A,A,A,A,A,A,A,A,A,A,B,B,B,B,B,B,B,B,B,A,A,NA,A,A,A,A,A,A,A,A,A,A,B,B,B,B,B,B,B,B,B,B,B,B,B,NA,B,B,B,B,B,B,B,B,B,B,B,B,B,B,B,B,B,B,B,B,B,B
49,19.1,5.9,8,22.44,4.75,6.13,B,B,B,B,B,B,B,B,B,B,B,B,A,A,A,A,A,A,A,A,A,A,A,A,B,B,B,B,B,B,B,B,B,B,B,B,B,B,A,A,A,A,A,A,A,A,A,A,B,B,B,B,B,B,B,B,B,B,B,B,B,A,NA,A,A,A,A,A,B,B,B,B,B,B,B,A,A,A,A,A,A,A,A,A,A,A,A,A,A,A,A,A,A,A,A,A,A,A,A,A,A,A,A,B,B,B,B,B,B,B,B,B,A,A,A,A,A,A,A,A,A,A,A,A,A,A,A,A,A,A,A,A,A,A,A,A,A,A,NA,A,A,A,A,A,A,B,B,B,B,B,B,B,B,B,B,B,A,A,A,A,A
50,20.6,5.7,8,47.8,26.8,34,B,B,B,B,B,B,B,B,A,A,A,A,A,A,A,A,A,A,A,A,A,A,A,A,A,A,A,A,A,B,B,B,B,B,A,A,A,A,A,A,A,A,A,A,A,NA,A,A,A,A,A,A,A,A,A,A,A,A,A,A,A,A,A,A,A,A,A,NA,A,A,A,A,A,A,A,A,A,A,A,A,A,A,A,A,A,A,A,A,A,A,A,A,A,A,A,A,B,B,B,B,B,B,B,B,B,B,B,B,B,B,B,B,B,B,B,B,B,A,A,A,A,A,A,A,B,B,B,B,B,B,B,B,B,B,B,B,B,B,NA,B,B,B,B,B,B,B,B,A,A,A,A,A,A,A,A,A,A,A,B,B,B
51,16.9,4.4,6.3,21.8,4.2,6.8,B,B,B,B,B,B,B,B,B,B,B,B,B,B,B,B,B,B,B,A,A,A,A,A,A,A,A,A,A,B,B,A,A,A,A,A,A,A,A,A,A,A,A,A,A,A,A,A,A,A,A,A,A,A,A,A,A,A,A,A,A,A,A,A,A,A,A,A,A,A,A,A,A,A,A,A,A,A,A,A,B,B,B,B,B,B,B,B,B,B,A,A,A,A,A,A,B,B,B,B,B,B,B,B,A,A,B,B,B,B,B,B,B,B,B,B,B,B,B,B,B,B,B,B,B,A,A,A,A,A,A,A,A,A,A,A,A,A,NA,A,A,A,A,A,A,A,A,A,B,B,B,B,B,B,B,B,B,B,B,B,B
52,20.7,5.3,7.5,27.67,7.22,9.89,B,B,B,B,A,A,B,B,B,B,B,B,B,B,B,B,B,B,B,B,A,A,A,A,A,A,A,A,A,A,A,A,A,A,A,B,B,B,B,B,B,B,B,B,B,B,B,B,B,B,B,B,B,B,B,B,B,B,B,B,B,B,B,B,B,B,B,B,A,A,A,A,A,A,A,B,B,B,B,B,B,B,B,B,B,B,B,B,B,B,B,B,B,B,B,B,A,A,A,A,A,A,A,B,B,A,A,A,A,A,A,A,B,B,B,B,B,B,B,B,B,A,A,A,A,A,A,A,A,A,A,A,A,A,A,A,A,A,NA,A,A,A,A,A,A,A,A,A,A,A,A,A,A,A,A,A,A,A,B,B,B
53,21.3,5.2,7.7,40.9,19.3,24.8,A,A,A,A,A,A,A,A,A,A,A,A,A,A,A,A,A,A,A,A,A,A,A,A,B,B,B,B,B,B,A,A,A,A,A,B,B,B,B,B,B,B,B,B,B,B,B,B,B,B,B,B,B,B,B,B,B,B,B,B,B,B,A,A,A,A,A,A,A,A,A,A,A,A,A,A,A,A,A,A,A,B,B,B,B,B,B,B,B,B,B,B,B,B,B,B,B,B,B,B,B,B,B,A,B,B,B,B,B,B,B,B,B,B,NA,B,B,B,B,B,A,A,A,A,A,B,B,A,A,A,A,A,A,A,A,A,B,B,NA,B,B,B,B,B,B,B,B,A,A,A,A,A,A,A,A,B,B,B,B,B,B
54,19.3,4.3,6.4,42.33,17.17,23,A,A,A,A,A,A,A,A,A,A,A,A,A,A,A,A,A,A,A,A,A,A,A,A,A,A,A,A,A,A,A,A,A,A,A,A,B,B,B,B,B,B,A,A,A,A,A,A,A,A,A,A,A,A,A,A,A,A,A,A,A,A,A,A,A,A,A,A,A,A,A,A,A,A,A,A,A,A,A,A,A,B,B,NA,B,B,B,B,B,B,B,B,B,B,B,B,A,A,A,A,A,A,A,B,B,B,B,B,B,B,B,B,B,A,NA,A,A,A,A,A,A,A,A,A,A,A,A,A,A,A,A,A,A,B,B,B,B,A,A,A,A,A,A,A,A,A,A,A,A,B,B,B,B,B,B,B,B,B,B,B,B
55,22.8,5.7,8,42.67,16.78,21.22,A,A,A,A,A,A,A,A,A,A,A,A,A,A,A,A,A,A,A,A,A,A,A,A,A,A,A,A,A,A,B,B,B,B,A,B,B,B,B,B,B,B,B,B,B,B,B,B,A,A,A,A,A,A,A,A,A,B,B,B,B,B,B,B,B,B,B,B,A,A,A,A,A,A,A,A,A,A,A,A,A,A,A,NA,A,B,B,B,B,A,A,A,A,A,A,A,A,A,A,A,A,A,A,B,B,B,B,B,B,B,B,B,B,B,NA,B,B,B,B,B,B,B,B,B,B,A,A,A,A,A,A,A,B,B,B,B,B,B,NA,B,B,B,B,B,B,B,B,B,B,B,B,B,B,B,B,B,B,B,B,B,A
56,23,7.11,9.89,46.11,24.44,32.11,A,A,A,A,A,B,B,B,B,B,B,B,B,B,B,B,B,B,B,A,A,A,A,A,A,A,A,A,A,A,A,A,A,A,A,A,A,A,A,B,B,A,A,A,A,A,A,A,A,A,A,A,A,A,A,A,A,A,A,A,B,B,B,B,B,B,B,A,B,B,B,A,A,A,A,A,A,A,A,A,A,A,A,A,A,A,A,A,A,A,A,A,A,A,A,A,A,A,A,A,A,A,A,B,B,B,B,B,B,B,B,B,B,B,NA,B,B,B,B,B,B,B,B,B,B,A,A,A,A,A,A,A,A,A,A,A,A,A,NA,A,A,A,A,A,A,A,A,A,A,A,A,A,A,A,A,A,A,A,A,A,A
57,19.9,4.9,6.6,44.2,20.7,26.6,B,B,B,B,B,B,B,B,B,B,B,B,B,B,B,B,B,B,B,B,B,B,B,B,B,B,B,B,B,B,B,B,B,B,B,B,B,B,B,B,B,B,B,B,B,B,A,A,A,A,B,A,A,A,A,A,A,A,A,A,A,A,A,A,A,A,A,A,A,A,A,A,A,A,A,A,A,A,A,A,A,A,A,NA,A,A,A,A,B,B,B,B,B,B,B,B,B,B,B,B,B,B,B,B,B,B,B,B,B,B,B,B,B,B,B,B,B,A,A,A,A,A,A,A,B,A,B,B,B,B,B,B,B,B,B,B,B,B,NA,B,B,B,B,B,B,B,A,A,A,A,A,A,A,A,A,A,B,B,B,B,B
58,21.8,6.5,8.9,40.5,16.7,22,A,A,A,A,A,B,B,B,B,B,B,B,B,B,B,B,B,B,B,B,B,B,A,A,A,A,A,A,A,A,A,A,A,B,B,B,B,B,B,B,B,A,A,A,A,B,A,A,A,A,A,A,A,A,A,A,A,A,A,A,A,A,A,A,A,A,A,A,A,A,A,A,A,A,A,A,A,A,A,A,A,A,A,A,A,A,A,A,A,A,NA,NA,NA,A,A,A,A,A,A,A,A,A,A,NA,B,B,B,B,B,B,B,B,B,B,B,B,B,B,B,B,B,B,B,B,B,B,B,A,A,A,A,A,A,A,A,A,A,A,NA,A,A,A,A,A,A,A,A,A,A,A,A,A,A,A,A,A,A,A,A,A,A
59,32,14.2,18.1,78,39,47.57,NA,A,A,A,A,A,A,A,A,B,B,B,B,B,B,B,B,B,B,B,B,B,B,B,A,A,A,A,A,B,B,B,B,B,A,A,A,A,A,A,A,A,A,A,A,NA,A,A,A,B,B,B,B,B,B,B,B,B,B,B,B,B,B,B,B,B,B,NA,A,A,A,A,A,A,A,A,A,A,A,A,A,A,A,NA,A,A,A,A,A,A,A,A,B,B,B,B,B,B,B,B,B,B,B,A,A,A,A,A,A,A,A,A,A,A,NA,A,A,A,A,A,A,A,A,A,A,A,B,B,NA,B,B,NA,A,NA,B,B,B,B,NA,B,B,B,B,B,B,B,B,B,B,B,B,B,B,B,B,A,A,A,A,A,A
60,18.78,4.22,6.33,35,10.88,16.5,A,A,A,A,A,A,A,A,A,A,A,A,A,A,A,A,A,A,A,A,A,B,B,B,B,B,B,B,B,B,B,B,B,A,B,B,A,A,A,A,A,A,A,A,A,A,A,A,A,A,A,A,A,A,A,A,A,A,A,A,A,A,A,A,A,A,A,A,A,A,A,A,A,A,A,A,A,A,A,A,A,A,A,A,A,A,A,A,A,A,A,A,A,B,B,B,A,A,B,B,B,B,B,B,B,B,B,B,B,B,B,B,B,B,B,B,B,B,B,B,B,B,B,A,A,B,B,B,A,A,A,A,A,A,A,A,A,A,NA,A,A,A,A,A,A,A,A,A,A,A,A,A,A,A,B,B,B,B,B,B,B
61,19.8,5.3,7.5,24.8,6.4,8.9,B,B,B,B,B,B,B,B,B,B,B,B,B,B,B,B,B,B,B,B,A,A,A,A,A,A,A,A,A,A,A,A,A,A,B,B,A,A,A,A,A,A,A,A,A,A,A,A,A,B,B,B,B,B,B,B,B,B,B,B,B,B,B,B,B,B,B,B,A,A,A,A,A,A,A,A,A,A,A,A,A,A,A,A,A,A,A,A,A,A,A,A,A,A,A,A,A,A,A,A,A,A,NA,B,B,B,B,B,A,A,A,A,A,A,A,A,A,A,A,A,A,A,A,A,NA,A,A,A,A,A,A,A,A,A,A,A,A,A,NA,A,A,A,A,A,A,A,A,A,A,A,A,A,A,A,A,A,A,A,A,B,B
62,16.6,4.2,6,21.78,4.33,6.44,B,B,B,B,B,B,B,B,B,B,A,A,A,A,A,A,A,A,A,A,A,A,A,A,A,A,A,A,A,A,A,A,A,A,B,B,B,B,B,B,B,B,A,A,A,A,A,A,A,A,A,A,A,A,A,A,A,A,A,A,A,NA,A,A,A,A,NA,A,B,B,B,B,B,B,B,B,B,B,A,A,A,A,A,A,A,A,A,A,A,A,A,A,A,A,A,A,A,A,A,A,A,A,A,A,B,B,B,B,B,B,A,A,A,A,B,B,B,B,B,B,A,A,B,B,B,A,A,A,A,A,A,A,A,A,A,A,A,A,NA,A,A,A,A,A,A,A,A,A,A,A,A,A,A,A,A,A,B,B,B,B,B
63,23.9,8.6,10.8,31.8,12.7,16.4,NA,A,A,NA,NA,B,B,B,B,B,B,B,B,B,A,A,A,A,A,A,A,A,A,A,A,A,A,A,A,B,B,B,B,B,A,A,A,A,A,A,A,A,A,A,A,A,A,A,A,A,A,B,B,B,B,B,B,A,A,A,NA,B,B,A,A,A,A,A,B,B,B,B,B,B,B,B,B,B,NA,NA,A,A,A,A,B,B,B,B,B,B,B,B,B,B,B,B,B,B,B,B,B,B,B,A,A,A,A,A,A,A,A,A,A,A,A,A,A,A,A,A,A,A,A,B,B,A,A,A,A,A,A,A,A,A,A,A,A,A,NA,A,A,A,A,A,A,A,A,A,A,A,A,A,A,A,A,A,A,A,A,A,B
64,26.5,9.1,12.6,50.5,22.4,32.8,B,B,A,A,A,A,A,A,B,B,B,B,B,B,B,B,B,B,B,B,B,B,B,B,B,B,B,B,B,B,B,B,B,B,B,B,A,A,A,A,A,A,B,B,A,A,A,A,A,A,A,A,A,A,A,A,A,A,A,A,A,B,B,B,B,B,B,B,B,B,B,B,B,B,B,A,A,A,A,A,A,A,A,NA,A,A,B,B,B,B,B,B,B,A,A,A,A,A,A,A,A,A,A,B,B,B,B,B,A,A,A,A,A,A,NA,A,A,A,A,A,A,A,A,B,A,B,B,B,B,A,A,A,B,B,B,B,B,B,NA,B,B,B,B,B,B,A,A,A,A,A,A,A,A,A,A,A,A,A,A,A,A
65,21.7,6.1,8.8,66,41.56,49.22,A,A,A,A,A,A,A,A,A,A,A,A,A,A,A,A,A,A,A,A,A,A,A,A,A,A,A,A,A,B,B,B,B,B,B,B,B,B,B,B,B,B,B,B,B,A,A,A,A,A,A,A,A,A,A,A,A,A,A,A,A,A,A,A,A,A,A,A,A,A,A,A,A,A,A,A,A,A,A,A,A,A,A,A,B,B,B,B,B,B,B,B,B,B,B,B,B,B,B,B,B,A,A,B,B,B,B,B,B,B,B,B,B,B,B,B,B,B,B,A,A,A,A,A,A,A,A,A,A,A,B,B,B,B,B,B,B,B,NA,B,B,B,B,B,B,B,B,B,A,A,A,A,A,A,A,A,A,A,A,A,A
66,18.7,4.7,6.8,21.8,5.5,7.4,B,B,B,B,B,B,B,B,B,B,B,B,B,B,B,B,B,B,B,B,B,B,B,B,B,B,B,B,B,B,B,B,B,B,B,B,B,B,B,B,B,B,B,B,B,B,B,B,B,B,B,B,B,B,B,B,B,A,A,A,A,A,A,A,A,A,A,A,B,B,B,B,A,A,A,A,A,A,A,A,A,A,A,A,A,A,A,A,A,A,A,A,A,A,A,A,A,A,A,A,A,A,A,A,A,A,A,A,B,B,B,B,B,B,A,A,A,A,A,A,A,A,A,A,A,A,A,A,A,A,A,A,A,A,A,A,A,A,NA,A,A,A,A,A,A,A,A,A,A,B,B,B,B,B,B,B,B,B,A,A,A
67,23.7,8.7,12.5,46.75,18.63,27.5,A,A,A,A,B,B,B,B,B,B,B,B,B,B,B,B,B,B,B,A,A,A,A,A,A,A,A,A,A,A,A,A,A,A,A,A,A,A,A,A,A,A,A,A,A,A,A,A,A,A,A,A,A,A,A,A,A,A,A,A,A,A,NA,A,A,A,A,A,A,A,A,B,B,B,B,B,B,B,B,B,B,B,B,B,B,B,A,A,A,A,A,A,A,A,A,A,A,A,A,A,A,A,A,B,B,A,A,A,A,A,A,A,A,A,A,A,A,A,A,A,A,A,A,A,A,A,A,A,A,A,B,NA,B,NA,NA,NA,NA,B,B,B,B,B,B,B,A,A,A,A,A,A,A,A,A,A,A,A,A,A,A,A,A
68,17.6,4.4,6.5,24.11,5.78,7.78,A,A,B,B,B,B,B,A,A,A,A,A,A,A,A,A,A,A,A,A,A,A,A,A,A,A,A,A,B,B,B,A,A,A,A,A,B,B,B,B,B,B,B,B,B,B,B,B,B,B,B,B,B,B,B,B,B,B,B,B,B,B,B,B,B,B,B,B,B,B,A,A,A,A,A,A,A,A,A,A,A,A,A,A,A,A,A,A,A,A,A,A,A,B,A,A,A,A,A,A,A,A,A,A,A,B,B,B,B,B,B,B,B,B,NA,B,B,B,B,B,B,B,B,A,A,A,A,A,A,A,A,A,A,A,A,A,A,A,A,A,B,B,B,A,A,A,A,A,A,A,A,A,A,A,A,A,B,B,B,B,B
69,22.5,6.4,8.9,58.67,33.67,41.11,B,B,B,B,B,B,B,B,B,B,A,A,A,A,B,B,B,B,B,B,B,B,B,B,B,B,B,B,B,B,B,B,B,B,B,B,B,B,B,B,B,B,B,B,B,B,B,B,B,B,B,B,B,B,B,B,B,B,B,B,A,A,A,A,A,A,A,A,A,A,A,A,A,A,A,A,A,A,A,A,A,A,NA,NA,NA,NA,B,B,B,B,B,B,B,B,B,B,B,B,B,B,B,B,B,A,A,A,A,B,B,B,B,B,B,B,NA,B,B,B,B,B,B,B,B,B,B,B,B,B,B,B,B,B,B,B,B,B,B,B,NA,B,B,B,B,B,B,B,B,A,A,A,A,A,A,A,A,A,A,A,A,A,A
70,25.25,8.25,10.38,69.22,42.11,49.63,B,B,A,A,A,A,A,A,A,A,A,A,A,A,A,A,A,B,B,B,B,B,B,B,A,A,A,A,A,B,B,B,B,B,B,B,B,B,B,B,B,B,B,B,B,B,B,B,B,B,B,B,B,B,B,B,B,B,B,B,B,B,B,B,B,B,B,B,NA,B,B,B,B,A,A,A,A,A,A,B,B,B,B,NA,B,B,B,B,B,B,B,B,B,B,B,B,B,B,B,B,B,B,B,B,B,B,B,B,B,B,A,A,A,A,NA,A,A,A,A,A,A,A,A,A,B,B,B,A,A,B,B,B,B,B,B,B,B,B,NA,B,B,B,B,B,B,B,B,B,B,A,A,A,A,A,A,A,A,A,A,A,A
71,17.8,4.2,6.3,22.3,4.7,6.7,B,B,B,B,B,B,B,B,B,B,B,B,A,A,A,A,A,A,A,A,A,A,A,A,A,A,A,A,A,A,A,A,A,A,A,A,A,A,A,A,A,A,A,A,A,A,A,A,A,A,A,A,A,A,B,B,B,B,A,A,A,A,NA,A,A,A,A,A,B,A,A,A,A,A,A,B,B,B,B,B,B,B,B,B,B,B,B,B,B,B,B,A,A,A,A,A,A,A,A,A,A,A,A,B,B,B,B,B,A,A,A,A,A,A,NA,A,A,A,A,A,A,A,A,A,A,B,B,B,B,B,A,A,A,A,A,A,A,A,NA,A,A,A,A,A,A,A,A,A,A,B,B,B,B,B,B,B,B,B,B,B,B
72,19,4,6.33,37.78,12.89,18.22,A,A,A,A,A,A,A,A,A,A,A,A,A,A,A,A,A,A,A,A,A,A,A,A,A,A,A,A,A,A,A,A,A,A,A,A,A,A,A,A,A,A,A,A,A,A,A,A,A,A,A,A,A,A,A,A,A,A,A,A,A,A,A,A,A,A,A,A,NA,A,A,A,A,A,A,A,A,A,A,A,A,A,A,NA,A,A,A,A,A,A,NA,A,A,A,A,A,A,A,A,A,A,A,A,B,B,B,B,B,B,B,B,B,B,B,NA,B,B,B,B,B,B,B,B,B,NA,B,A,A,A,A,A,A,A,A,A,A,A,A,NA,A,A,A,A,A,A,A,A,A,A,A,A,A,A,A,B,B,B,B,B,B,B
73,19.2,5.2,7.4,25.2,5.2,7.5,B,NA,NA,B,B,B,B,B,B,B,B,B,A,A,A,A,A,A,A,A,NA,B,B,B,B,B,B,A,A,B,B,A,A,A,A,A,A,A,A,A,A,A,A,B,B,NA,B,B,B,B,B,B,B,B,B,B,B,B,A,NA,A,A,B,A,NA,NA,A,NA,NA,NA,A,A,A,A,A,A,A,A,A,A,A,B,B,NA,B,B,B,B,B,B,B,B,B,B,A,A,A,A,A,A,A,A,A,A,A,B,B,B,B,B,B,B,B,B,NA,B,B,B,B,NA,B,NA,B,B,B,B,B,B,B,B,B,B,NA,A,A,A,A,A,NA,A,A,A,A,A,A,A,A,A,A,A,A,A,A,A,A,A,A,A,A,B,B
74,19.25,4.88,6.63,24.4,6.1,8.5,B,B,NA,B,B,B,B,A,A,A,A,A,A,A,A,A,A,A,A,A,A,A,A,B,B,B,B,B,B,B,B,B,B,B,B,B,B,B,B,B,B,B,B,B,B,B,B,B,B,B,B,B,B,B,B,B,B,B,B,A,A,A,NA,A,A,A,A,A,A,A,A,A,A,A,A,A,A,A,A,A,A,A,A,NA,A,A,A,A,A,A,A,A,A,B,B,B,B,B,B,B,B,B,B,B,B,A,A,A,A,A,A,A,A,A,NA,A,A,A,A,A,A,A,A,A,A,A,A,B,A,A,A,A,A,A,A,A,A,A,NA,A,A,A,A,A,A,A,A,A,NA,A,A,A,A,A,A,A,A,A,A,A,A
75,24.33,7.44,10.11,44,20.6,28.2,A,A,A,A,A,A,A,A,A,A,A,A,A,A,A,A,A,A,A,A,B,NA,NA,NA,B,B,B,A,B,B,B,B,B,B,B,B,B,B,B,B,B,B,B,A,A,A,A,A,A,A,A,A,B,B,B,B,B,B,B,B,B,B,B,B,B,B,B,B,A,A,A,A,A,A,A,A,A,A,A,A,A,A,A,NA,A,A,A,A,A,A,A,A,A,A,A,A,A,A,A,A,A,A,A,B,B,A,A,A,A,A,A,A,A,A,NA,A,A,A,A,A,A,A,B,B,B,B,B,B,B,B,B,B,A,A,A,A,A,A,NA,A,A,A,A,A,A,A,A,A,A,A,A,A,A,A,A,A,A,A,A,A,A
76,22.6,6.1,8.4,46,19.56,24.22,A,A,A,A,A,A,A,A,A,A,A,A,A,A,A,A,A,NA,A,A,A,A,A,A,A,A,A,A,A,A,A,A,A,A,B,B,B,B,B,B,B,B,B,B,B,B,B,B,B,B,B,B,B,B,B,B,B,B,B,B,A,A,A,A,A,A,A,A,A,A,A,A,A,A,A,A,A,A,A,A,A,B,B,NA,B,B,B,B,B,B,B,B,B,B,B,B,B,B,B,B,B,B,B,B,B,A,A,A,A,A,A,A,A,A,NA,A,A,A,A,A,A,A,A,B,B,B,B,B,B,A,A,B,B,B,B,B,B,B,B,B,B,A,A,A,A,A,A,A,A,A,A,A,A,A,A,A,A,A,B,B,B
77,17.6,4,6,22.6,4.4,6.4,B,B,B,B,B,B,B,B,B,B,B,B,B,B,B,B,B,B,B,B,B,B,B,B,B,B,B,B,B,B,B,B,B,B,B,B,B,B,B,B,B,B,B,B,B,B,B,B,B,B,B,B,B,B,B,B,B,B,A,A,A,A,A,A,A,A,A,A,B,B,B,B,B,B,B,B,B,B,A,A,A,A,A,NA,A,A,A,A,A,A,A,A,A,A,A,A,A,A,A,A,A,A,A,B,B,A,A,A,A,A,B,B,B,B,NA,B,B,B,A,A,A,A,A,A,A,A,A,A,A,A,A,A,A,A,A,A,A,A,A,A,A,B,B,B,B,B,B,B,B,B,B,B,B,B,B,B,B,B,B,B,B
78,24.4,8.4,10.9,43.7,21.5,27.5,A,A,A,A,A,A,A,B,B,B,B,B,B,B,B,B,B,B,A,B,B,B,B,B,B,B,A,B,B,B,B,B,B,B,A,A,A,A,A,A,A,A,A,A,B,NA,B,B,B,B,B,B,B,B,B,B,B,B,B,B,B,B,B,B,B,B,B,NA,NA,A,A,A,A,A,NA,NA,NA,NA,NA,NA,B,B,B,NA,B,B,B,B,B,B,B,B,B,B,B,B,B,B,B,B,B,A,A,B,B,B,B,B,B,B,B,B,B,B,NA,A,A,A,A,A,A,A,A,A,A,B,B,NA,NA,A,A,A,A,A,A,A,A,B,B,A,A,A,A,A,A,A,A,A,A,A,A,A,A,A,A,A,A,A,A,A,A
79,22.4,6.3,8.4,57.3,29.6,35.2,B,B,NA,B,B,B,B,B,B,B,B,B,NA,B,B,B,B,B,B,B,B,B,B,B,B,B,B,B,NA,B,B,B,NA,B,B,B,NA,B,B,B,B,B,B,B,B,B,B,B,B,A,A,A,B,B,B,B,NA,B,B,B,A,A,A,A,A,A,A,A,A,A,A,A,A,A,A,A,A,A,NA,A,A,A,A,NA,A,B,A,A,A,NA,B,B,B,B,A,A,A,NA,B,B,B,B,B,A,NA,A,A,A,A,A,A,NA,A,A,NA,A,A,A,A,A,A,A,B,B,B,A,A,A,A,B,B,B,B,B,B,NA,NA,NA,NA,B,B,B,B,B,B,B,B,A,A,B,B,B,B,B,B,B,B,B,B,B,B
80,20.4,5.7,7.9,24.9,5.5,8.5,B,B,B,B,B,B,B,B,B,B,B,B,B,B,B,B,B,B,B,B,B,B,B,B,B,B,NA,B,B,B,B,B,B,B,A,A,A,A,A,A,A,A,A,A,A,A,A,A,A,A,A,A,A,A,A,A,A,A,A,A,A,A,A,A,A,A,A,A,A,A,A,A,B,B,B,B,B,B,B,B,B,B,B,NA,B,B,B,B,B,B,B,A,A,A,A,A,B,B,B,B,B,B,B,A,B,B,B,A,A,A,A,A,A,A,NA,A,A,A,B,B,B,B,B,B,A,A,A,A,A,A,A,A,A,A,A,A,A,A,A,B,B,B,B,B,A,A,A,A,A,A,A,A,A,A,A,A,A,A,A,A,B
81,23.4,6.8,9.4,41.8,15.3,21.3,A,A,A,A,A,A,A,B,B,B,B,B,B,B,B,B,B,B,B,B,NA,B,B,B,B,B,B,B,B,B,B,B,B,B,B,B,B,B,B,B,B,A,B,B,B,NA,B,B,B,B,B,B,B,B,B,B,B,B,B,B,B,B,B,B,B,B,B,B,A,A,A,A,A,A,A,A,A,B,B,B,B,B,B,NA,B,B,B,B,B,B,B,B,B,B,B,B,B,B,B,B,B,B,B,A,A,A,A,A,A,A,A,A,B,A,NA,A,A,A,A,A,A,A,A,A,A,B,B,B,B,B,B,A,A,A,A,A,A,A,NA,A,A,A,A,A,A,A,A,A,A,A,A,A,A,A,A,A,A,A,A,B,B
82,25.6,9.7,12.6,47.11,21.89,27.67,A,A,A,A,A,A,A,B,B,B,B,B,B,B,B,B,B,B,B,B,B,B,B,B,B,B,B,B,B,B,B,B,B,B,A,A,A,A,A,B,B,B,B,B,B,NA,B,B,B,B,B,A,A,A,A,A,A,A,A,A,B,B,B,B,B,B,B,B,B,B,B,B,B,B,B,B,B,B,B,B,B,B,B,NA,B,B,B,B,B,B,B,B,B,B,B,A,A,A,A,A,A,A,A,A,A,A,A,A,A,A,B,B,B,B,NA,B,B,B,B,B,B,B,B,B,A,A,A,A,A,A,A,A,A,A,A,B,B,B,NA,B,B,B,A,A,A,A,A,A,A,A,A,A,A,B,B,B,B,B,B,A,A
83,17.63,4.38,6.5,27.3,7.6,11.4,B,B,B,B,B,A,A,A,A,A,A,A,A,A,A,A,A,A,A,B,B,B,A,A,A,A,A,A,A,A,B,B,B,A,B,B,B,B,B,B,B,B,B,A,A,NA,A,A,A,A,A,A,A,A,A,A,A,A,A,A,A,A,NA,A,A,A,A,A,A,A,A,A,A,A,A,A,A,A,A,A,A,A,A,NA,A,A,A,A,A,A,A,A,A,A,A,A,A,A,A,A,A,A,A,A,A,B,B,B,B,B,B,B,B,B,NA,A,A,A,A,A,A,A,A,A,A,B,B,B,B,NA,NA,NA,B,B,A,A,A,A,A,A,B,A,A,A,A,A,A,A,A,A,A,A,A,A,A,A,A,B,B,B,B
84,18.89,5,7.11,27.43,8.71,12.71,B,B,B,B,B,B,B,A,A,A,A,A,A,A,A,A,A,A,A,A,A,A,B,B,B,B,B,B,B,B,B,B,B,B,B,B,B,B,B,B,B,B,A,A,A,A,A,A,A,A,A,A,A,A,A,A,A,A,A,A,A,A,A,A,A,A,A,A,B,B,B,B,B,B,A,A,A,A,A,B,B,B,B,NA,B,B,B,B,B,B,B,B,B,B,B,B,B,B,A,A,A,A,A,B,B,B,B,B,B,B,B,B,B,B,NA,B,B,B,B,B,B,B,B,B,B,A,A,A,A,B,B,B,B,B,B,B,B,A,A,A,A,A,A,A,A,A,A,A,A,A,A,A,A,A,A,A,A,A,A,A,A
85,20.29,5.57,7.71,26,7.1,10.2,B,B,B,B,B,B,B,B,B,B,B,B,B,B,B,B,B,B,B,B,B,B,B,B,B,B,B,B,B,B,B,B,B,B,A,A,A,A,A,A,A,A,A,A,A,A,A,A,A,B,B,B,B,B,B,B,B,B,A,A,A,A,A,A,A,A,A,A,A,A,A,A,A,A,A,A,A,A,A,A,A,A,A,NA,A,A,A,A,A,A,A,A,A,A,A,A,A,A,A,A,A,A,A,B,B,B,B,B,B,B,A,A,NA,NA,NA,NA,NA,B,B,B,B,B,B,B,B,A,A,A,A,A,A,A,A,A,B,B,B,B,B,B,B,NA,B,B,B,B,B,B,B,B,B,B,B,B,B,B,B,B,A,A,A
86,18.9,4.8,6.7,51.2,27.2,32.8,A,A,B,B,B,B,B,B,B,B,B,B,B,B,B,B,B,B,B,A,A,A,A,A,A,A,A,A,A,B,B,B,B,B,A,A,A,A,A,A,A,A,A,A,A,B,B,B,A,A,A,A,A,A,A,A,A,A,A,A,A,NA,A,A,A,A,NA,A,NA,B,NA,B,B,B,B,B,B,B,B,B,B,B,B,NA,B,B,B,B,B,B,B,B,B,B,B,B,B,B,B,B,B,B,B,B,B,A,A,B,B,B,B,B,B,B,NA,B,B,B,B,B,A,A,A,A,A,A,A,B,B,B,B,B,B,B,B,B,B,B,NA,B,B,B,B,B,B,B,B,B,B,B,B,B,A,A,A,A,B,B,B,B,B
87,20.8,5.8,8,34.33,11.88,16.5,B,B,B,NA,B,B,B,B,B,A,A,A,A,A,A,A,A,A,A,A,B,B,B,B,B,B,B,B,B,B,B,B,B,B,B,B,B,B,B,B,B,B,B,B,B,B,B,B,B,B,B,B,B,B,B,B,B,B,B,B,B,B,B,B,B,B,B,B,B,B,B,B,B,B,B,B,B,B,B,B,B,B,B,NA,B,B,B,B,B,B,B,B,B,B,B,B,B,B,B,B,B,B,B,A,A,B,B,B,B,B,B,B,NA,NA,NA,A,A,A,A,A,A,A,A,A,A,B,B,B,B,B,B,B,A,A,B,B,B,B,NA,B,B,B,B,B,B,B,B,A,A,A,A,A,A,A,A,A,A,A,A,A,A
88,19.2,5.1,7,25.7,7.4,10.2,A,A,B,B,B,B,B,B,B,B,B,B,B,B,B,B,B,B,B,B,B,B,B,B,B,B,B,B,B,B,B,B,A,A,A,A,A,A,A,A,A,A,A,A,A,NA,A,A,A,A,A,A,A,A,A,A,B,B,B,B,B,B,B,B,B,B,B,NA,NA,A,A,A,A,A,A,A,A,A,A,A,A,A,A,NA,A,A,A,A,A,A,A,A,A,A,A,A,A,A,A,A,A,A,A,B,B,B,B,B,B,B,B,B,B,B,NA,B,B,B,B,B,B,B,B,B,B,A,A,A,A,A,A,A,A,A,A,A,B,B,B,B,B,A,A,A,A,A,A,A,A,B,B,B,B,B,B,B,B,B,B,B,B
89,29.1,13.1,17.4,62,43.56,53.22,A,A,A,A,A,A,A,B,B,B,B,B,B,A,A,A,A,A,A,A,A,A,A,A,A,A,B,B,B,B,B,B,B,B,A,A,A,B,B,B,B,B,B,B,B,NA,A,A,A,A,A,A,A,A,A,A,A,B,B,B,B,B,B,B,B,B,B,B,B,B,B,B,B,B,B,B,B,B,B,B,B,B,B,NA,B,B,B,B,B,A,A,A,A,A,A,A,A,A,A,A,A,A,A,A,A,A,A,A,A,A,A,A,A,A,NA,A,A,A,A,A,A,A,A,B,B,A,A,A,A,B,B,B,B,B,B,B,B,B,NA,B,B,B,B,B,A,A,A,A,A,B,B,B,A,A,A,A,A,A,A,A,A
90,16.3,4.3,6.3,23.78,5.67,8.78,A,B,B,B,B,B,B,B,A,A,A,A,A,A,A,A,A,A,A,B,B,B,B,B,B,B,B,B,B,B,B,B,B,B,A,A,A,A,A,A,A,A,A,A,A,A,A,A,A,A,A,A,A,A,A,A,A,A,A,A,A,A,A,A,B,B,B,A,B,B,B,B,A,A,A,A,A,A,A,B,B,B,B,NA,B,B,B,B,B,B,B,B,B,B,B,B,B,B,B,B,B,B,B,A,B,B,B,B,B,B,B,B,B,B,NA,B,B,B,A,A,A,A,A,A,A,A,A,A,A,A,A,A,A,A,B,B,B,B,A,A,A,A,A,A,A,A,A,A,A,A,A,A,A,A,A,A,B,B,B,B,NA
91,21.1,5.9,8.1,43,15.88,19.88,A,A,A,A,A,A,A,A,A,A,A,A,A,A,A,A,A,A,A,A,A,A,A,B,B,NA,NA,A,A,A,A,A,A,A,B,A,A,A,A,A,A,A,A,A,A,A,A,A,A,A,A,A,A,A,A,A,A,A,A,A,A,A,B,A,A,A,A,NA,B,B,B,B,A,A,A,A,A,A,A,A,A,A,A,NA,A,A,A,A,A,A,A,A,A,B,B,B,B,B,B,B,B,B,B,A,A,A,A,B,B,B,B,B,B,B,NA,B,B,B,B,B,B,B,B,B,B,A,A,A,A,A,A,A,B,B,B,B,B,B,NA,B,B,B,NA,NA,NA,NA,NA,A,A,A,A,A,A,A,B,B,B,B,B,B,B
92,20.8,4.5,7.1,40.56,15.11,20.56,A,A,A,A,A,A,A,A,A,A,A,A,A,A,B,B,B,B,B,B,B,B,B,B,B,B,B,B,B,B,B,B,A,A,A,A,A,A,A,A,A,A,A,A,A,A,A,A,A,A,A,A,A,A,A,A,A,A,A,A,A,A,NA,A,A,A,A,A,A,A,A,A,A,A,A,A,A,A,A,A,A,A,A,NA,A,A,A,A,A,A,A,A,B,B,B,B,A,A,A,A,A,A,A,B,B,B,B,B,B,B,B,B,B,B,NA,B,B,B,B,B,B,B,B,A,A,A,A,A,A,A,A,A,A,A,A,A,A,A,B,B,B,A,A,A,A,A,A,A,A,B,B,B,B,B,B,B,B,B,B,B,B
93,23,8.17,10.83,32.4,9.9,12.9,B,B,B,B,B,B,B,B,B,B,B,B,A,A,A,A,A,A,A,B,B,B,B,B,A,A,A,A,A,A,A,A,A,A,A,A,A,A,A,A,A,A,A,A,A,NA,A,A,A,B,B,NA,B,B,B,B,B,B,B,B,B,B,B,B,B,NA,B,NA,A,A,A,B,B,B,B,B,B,B,B,B,B,B,B,NA,B,B,B,B,B,A,A,A,A,A,B,B,B,A,A,A,A,A,A,A,A,A,A,A,A,A,A,A,B,B,NA,B,B,B,B,B,B,B,B,B,B,B,B,B,B,A,A,B,B,B,B,B,A,A,NA,A,A,A,A,A,A,A,A,A,A,A,A,A,A,A,A,A,A,A,A,A,A
94,18.6,5.1,7,23.25,5.25,7.5,B,B,B,B,B,B,B,B,B,A,A,A,A,A,A,A,A,A,A,A,A,A,A,A,A,A,A,A,A,A,A,A,A,A,B,B,A,A,A,A,A,B,B,B,B,A,A,A,A,A,A,A,A,A,A,A,A,A,A,A,A,A,A,A,A,A,A,A,B,B,B,B,B,A,A,A,A,B,A,A,A,A,A,NA,A,A,A,A,A,A,A,A,A,A,A,B,A,A,A,A,A,A,A,A,A,A,A,A,A,A,A,A,A,A,NA,A,A,A,A,A,A,A,A,A,B,A,A,A,A,A,A,A,A,A,A,A,A,A,NA,A,A,A,A,A,A,A,A,A,B,B,B,B,B,B,B,B,B,B,A,A,A
95,22.4,6.4,8.7,48.9,21.2,27.3,A,A,A,A,A,A,A,A,A,A,A,A,A,A,A,A,A,A,A,A,A,A,A,A,A,A,A,A,A,A,A,A,A,A,A,A,A,A,A,A,A,A,A,A,A,B,B,B,B,B,B,B,B,B,B,B,B,B,B,B,A,B,A,A,A,A,A,A,A,A,A,A,A,A,A,A,A,A,A,A,A,A,A,NA,A,A,A,A,A,A,A,A,A,A,A,A,A,A,A,A,A,A,A,A,A,A,A,A,A,A,A,A,A,A,NA,A,A,A,A,A,A,A,A,A,A,A,A,A,A,A,A,A,A,A,A,A,A,A,NA,A,A,A,A,A,A,A,A,A,A,A,A,A,A,A,B,B,B,B,B,A,A
96,23.67,7.11,9.67,42.11,17.56,21.78,A,A,A,A,A,A,A,A,A,A,A,A,B,B,B,B,B,B,B,B,B,B,B,B,B,B,B,A,A,A,A,A,A,A,B,B,B,B,B,B,B,B,B,B,B,B,B,B,B,B,B,B,B,B,B,B,B,B,B,B,B,B,B,B,B,B,B,B,A,A,A,A,A,A,A,A,A,A,A,A,A,A,A,NA,A,A,A,A,A,A,A,A,A,A,A,A,A,A,A,A,A,A,A,A,A,A,A,A,NA,A,A,B,B,B,NA,B,B,B,B,B,B,B,B,B,B,A,A,A,NA,A,A,A,A,A,A,B,B,A,A,A,A,A,A,A,A,A,A,A,A,A,A,A,A,A,A,A,A,A,A,B,B
97,22.6,7.9,10.3,61.67,36.11,47.11,A,A,A,A,A,B,B,B,B,B,A,A,A,A,A,A,A,A,A,A,A,A,A,A,A,A,B,A,A,B,B,B,B,B,A,A,A,A,A,A,A,A,A,A,A,NA,A,A,B,B,B,B,B,B,B,B,B,B,B,B,B,B,A,A,A,A,A,A,A,A,A,A,A,A,B,B,B,B,B,B,B,B,B,NA,B,B,B,B,B,B,B,B,B,B,B,B,B,B,B,B,B,B,B,B,B,B,B,A,A,A,A,A,A,A,NA,A,A,A,A,A,A,A,A,A,A,B,B,B,B,B,B,B,B,B,B,B,B,B,NA,NA,NA,A,A,A,A,A,A,A,A,A,A,A,A,A,A,A,A,B,B,B,B
98,23.5,6.6,9.1,45.8,21.6,26.9,A,A,A,A,A,A,A,A,A,B,B,B,B,B,B,B,B,B,B,B,B,B,B,B,B,B,B,A,A,A,A,A,A,A,B,B,B,B,B,B,B,B,B,B,B,B,B,B,B,B,B,B,B,B,B,B,B,B,A,A,A,A,NA,A,A,A,A,A,A,A,A,A,A,A,A,A,B,B,B,B,B,B,B,NA,B,B,B,B,B,B,B,B,B,B,B,B,B,B,B,B,B,B,B,A,A,B,B,B,B,B,B,B,B,B,NA,A,A,A,A,A,A,A,A,A,A,B,B,B,B,A,A,A,A,A,A,B,B,B,A,A,A,A,A,B,B,B,B,B,B,B,B,B,B,B,B,A,B,B,B,B,B
99,22.9,6.5,8.7,30.43,8.86,12,B,B,B,B,B,B,B,A,A,B,B,B,B,B,B,B,B,B,B,B,B,B,B,B,B,B,B,B,B,B,B,B,B,B,B,B,B,B,B,B,B,B,B,B,B,B,B,B,B,B,B,B,B,B,B,B,B,A,A,A,A,A,NA,A,A,A,A,A,B,B,B,NA,A,A,A,A,B,B,B,B,B,B,B,NA,B,B,B,B,B,B,B,B,B,B,B,B,A,A,A,A,A,A,A,A,A,A,A,A,A,A,A,A,A,A,NA,A,A,A,A,A,A,A,A,A,A,B,A,A,A,A,A,B,B,B,B,B,B,A,A,A,A,A,A,A,A,A,A,A,NA,A,A,A,A,A,A,A,A,A,A,A,A
100,27.7,9.7,12.5,65.13,44.5,52.88,A,A,A,A,A,A,B,B,B,B,A,A,B,B,B,B,B,A,A,A,A,A,A,A,A,A,A,A,B,B,B,B,B,B,B,B,B,B,B,A,A,A,A,A,A,A,A,A,A,A,B,B,B,B,B,B,B,B,B,B,B,B,B,B,B,B,B,B,A,A,A,A,A,A,B,B,B,B,B,B,B,B,B,NA,B,B,B,B,B,B,B,B,B,B,B,B,B,B,B,B,B,B,B,B,B,A,A,A,A,B,B,B,B,B,NA,B,B,B,B,B,A,A,A,A,A,A,A,A,A,B,B,B,B,B,B,B,B,B,NA,B,B,B,A,A,A,A,A,A,A,A,A,A,A,A,A,A,A,A,A,A,A
101,19.22,3.43,5.43,23,4,6.1,B,B,B,B,B,B,B,A,A,A,A,A,A,A,A,A,A,A,A,A,A,A,A,A,A,A,A,B,B,B,B,B,B,B,A,B,B,B,B,B,B,B,B,B,B,B,B,B,B,B,B,B,B,B,B,B,B,B,B,A,A,A,A,A,A,A,A,A,B,B,B,B,B,B,A,A,A,A,A,A,A,A,A,NA,A,A,A,A,A,B,B,B,B,B,B,B,B,B,B,B,B,B,B,B,B,B,B,B,B,B,B,B,B,B,NA,B,B,B,B,B,B,B,B,B,B,A,A,A,A,A,A,A,A,A,A,A,A,A,NA,A,A,A,A,A,A,A,A,A,A,A,A,A,A,A,A,A,A,A,B,B,B
102,23.9,6.7,10,59.33,37.89,46.78,A,A,A,A,A,A,A,B,B,A,A,A,A,A,A,A,A,A,A,A,A,A,A,A,A,A,A,A,A,B,B,B,B,B,B,A,A,A,A,A,A,A,A,A,A,A,A,A,A,A,A,A,A,A,A,A,A,B,B,B,B,B,B,B,B,B,B,B,B,B,B,B,B,B,B,B,B,B,B,B,B,B,A,NA,A,A,A,A,A,A,A,A,A,A,A,A,A,A,B,B,B,B,B,B,B,B,B,B,NA,B,B,B,B,B,NA,B,B,B,B,B,B,B,B,B,B,B,B,B,B,B,B,B,B,B,B,B,B,B,NA,B,B,B,B,B,B,B,B,A,NA,B,B,B,B,B,B,B,B,B,B,B,B
103,20,5.11,6.78,46,17.67,22.89,A,A,A,A,A,A,A,A,A,B,B,B,B,B,B,B,B,B,B,B,A,A,A,A,A,A,A,A,A,A,A,A,A,B,B,B,B,B,B,B,B,B,B,B,B,B,B,B,A,A,A,A,A,A,A,A,A,A,A,A,A,A,A,A,A,A,A,A,A,A,A,A,A,A,A,A,A,A,A,A,A,A,A,NA,A,A,A,A,A,A,A,A,A,A,A,A,B,B,B,B,B,B,B,B,B,A,A,A,A,A,A,A,A,A,NA,A,A,A,A,A,A,A,A,A,A,B,B,A,A,A,A,A,A,A,A,A,A,A,NA,A,A,A,A,A,A,A,A,A,A,A,A,A,A,A,A,A,B,B,B,B,A
104,21.2,6.3,8.4,25,6.4,8.6,B,B,B,B,B,B,B,B,B,B,B,B,B,B,A,A,A,A,A,A,A,A,A,A,A,A,A,A,A,A,A,A,A,A,A,A,A,A,A,A,A,A,A,A,A,A,A,A,A,A,A,A,B,B,B,B,B,B,B,B,B,B,B,B,B,B,B,B,A,A,A,A,A,A,A,A,A,A,A,A,A,A,A,NA,A,A,A,A,A,A,A,A,A,A,A,A,A,A,A,A,A,A,A,A,A,A,A,A,A,B,B,B,A,A,NA,A,A,A,B,B,B,B,B,B,B,A,A,A,A,A,A,A,A,A,A,A,A,A,NA,A,A,A,A,A,A,A,A,A,A,A,A,A,A,A,A,A,A,A,A,A,A
105,21.3,6.4,8.7,29.78,9.11,12,B,B,B,B,B,B,B,B,B,B,B,B,B,B,B,B,B,B,B,B,B,B,B,B,B,B,A,A,A,A,A,A,A,A,B,A,A,A,A,A,A,A,A,A,A,A,A,A,A,A,A,A,A,A,A,A,A,A,A,A,A,A,A,A,A,A,A,A,A,A,A,A,A,A,A,A,A,A,B,A,A,A,A,NA,A,A,A,A,A,A,A,A,A,A,A,A,A,A,A,A,A,A,A,A,A,A,A,A,A,A,A,A,A,A,NA,B,B,B,B,B,B,B,B,B,B,A,A,A,A,A,A,A,B,B,B,B,B,B,NA,B,B,B,A,A,NA,NA,NA,A,A,A,A,A,B,B,B,B,B,B,B,B,B
106,18.7,5.1,6.9,23.8,5,7,B,B,B,B,B,B,B,A,A,A,B,B,B,B,B,B,B,A,A,A,A,A,A,A,A,A,A,B,B,B,B,B,B,B,B,B,B,B,B,B,B,B,B,B,B,B,B,B,A,A,A,A,A,A,A,A,A,B,B,B,B,B,B,B,B,B,B,B,B,B,B,B,NA,NA,B,B,B,B,A,A,A,A,A,NA,A,A,A,A,A,A,A,A,A,A,A,A,A,A,A,NA,NA,NA,A,B,B,B,B,B,A,A,A,A,A,A,NA,A,A,A,A,A,A,A,A,B,B,A,A,A,A,A,A,A,A,A,A,A,A,A,NA,A,A,A,A,A,A,A,A,A,A,B,B,B,B,B,B,B,B,B,B,B,B
107,22.5,6.6,8.9,41.33,16.22,20.22,A,A,A,A,A,A,A,A,A,A,A,A,A,A,A,A,A,A,A,A,A,B,B,B,B,B,B,B,B,B,B,B,B,B,B,B,B,B,B,B,B,B,B,B,B,B,B,B,B,B,B,B,B,B,B,B,B,B,B,B,B,B,B,B,B,B,B,NA,A,A,A,A,A,A,A,A,A,A,A,A,A,A,A,NA,A,A,A,A,A,A,A,A,B,B,B,B,B,B,B,B,B,B,B,A,A,A,A,A,A,A,A,A,A,A,NA,A,A,A,A,A,A,A,B,B,A,A,A,A,A,A,A,A,B,B,B,B,B,B,B,B,B,A,A,A,A,A,B,B,B,A,B,B,B,B,B,B,B,B,B,B,A
108,23,6.4,9.1,42.4,16.5,22.8,A,A,A,A,A,A,A,A,A,A,A,A,NA,NA,NA,B,B,B,B,B,A,A,A,A,A,A,A,A,A,A,A,A,A,A,B,B,B,B,B,B,B,B,A,A,A,A,A,A,A,A,A,A,A,A,A,A,A,A,A,A,A,A,NA,A,A,A,A,A,A,A,B,B,A,A,B,B,B,B,B,B,B,B,B,NA,B,B,B,B,B,B,B,B,B,B,B,A,A,A,A,A,A,A,A,A,A,B,B,B,B,B,B,B,B,B,NA,B,B,B,B,B,B,B,B,B,A,A,A,A,A,A,A,A,A,A,A,A,A,A,B,B,B,B,B,B,B,B,B,A,A,B,B,B,B,B,B,A,A,A,A,A,A
109,22,6.4,8.6,41.9,19.3,25,B,B,A,A,A,A,A,A,A,A,A,A,A,A,A,A,A,A,A,A,A,A,A,A,A,A,B,B,B,B,B,B,B,B,B,A,A,A,A,A,A,A,A,A,A,B,B,B,B,B,B,B,B,B,B,B,B,B,B,B,B,B,B,B,B,B,B,B,B,B,B,B,B,A,A,B,B,A,A,A,A,A,A,NA,NA,A,A,A,A,A,A,A,A,A,A,B,B,B,B,B,B,B,B,B,B,B,B,B,B,B,B,B,B,B,NA,B,B,B,B,B,B,B,B,B,B,B,B,B,B,B,B,A,A,A,A,A,A,A,NA,A,A,A,A,A,A,A,A,A,A,A,A,A,A,A,A,A,A,A,A,A,A
110,19.89,4.89,7,25.5,6.2,8.8,B,B,B,B,B,B,B,B,B,B,B,B,A,A,A,A,A,A,A,A,A,A,A,A,A,A,A,B,B,B,B,B,B,B,B,B,B,B,B,B,B,B,B,B,B,NA,B,B,B,B,B,B,B,B,B,B,B,B,B,B,B,B,B,B,B,NA,A,NA,B,B,B,B,B,B,B,B,B,B,B,B,B,B,B,NA,B,B,B,B,B,B,B,B,B,B,B,B,B,B,B,B,B,B,B,B,B,B,B,B,B,B,B,B,B,B,NA,B,B,B,A,A,A,A,A,A,A,B,B,B,B,B,B,B,B,B,B,A,A,A,NA,A,A,A,A,A,A,A,A,A,A,A,A,A,A,A,A,A,A,A,B,B,B
111,27,8.8,11.3,49.86,23,28.43,A,A,A,A,A,A,A,A,A,B,A,A,B,B,B,B,B,B,B,B,A,A,A,A,A,A,A,A,A,A,A,A,A,A,A,A,B,B,B,B,B,B,B,B,B,B,B,B,B,B,B,B,B,B,B,B,A,A,A,A,A,A,A,A,A,B,B,A,NA,A,A,A,A,A,A,A,A,A,A,A,A,A,A,NA,A,A,A,A,A,A,A,A,A,A,A,A,A,A,B,B,B,B,B,A,A,A,A,A,A,A,A,A,A,A,NA,A,A,A,A,A,A,A,A,B,B,A,A,A,A,A,A,A,A,A,B,B,B,B,NA,B,B,B,B,B,B,B,B,B,B,B,B,B,B,B,B,B,B,A,A,A,A
112,20,4.8,6.6,27.4,7.4,10.5,A,A,B,B,B,B,B,B,B,B,B,B,B,B,B,B,B,A,A,A,A,A,A,A,A,A,A,A,A,A,A,A,A,A,B,B,B,B,B,B,B,B,B,B,B,B,B,B,A,A,A,A,A,A,A,A,A,A,A,A,A,A,A,A,A,B,A,A,A,A,A,A,B,B,B,B,B,B,B,B,B,B,A,NA,A,A,A,A,A,A,A,A,A,A,A,A,A,A,B,B,B,B,B,B,B,B,B,B,B,B,B,B,B,B,NA,B,B,B,B,B,B,B,B,B,A,B,B,B,B,A,A,A,B,B,A,B,B,B,NA,B,B,B,B,B,B,B,B,B,NA,B,B,B,B,B,B,B,B,B,B,B,A
113,19.6,4.5,6.1,33.3,8.4,11.6,B,B,B,A,A,A,A,A,A,A,A,A,A,A,A,A,A,A,A,A,A,A,A,A,A,A,A,A,A,A,A,A,B,B,B,B,B,B,B,B,B,B,B,B,B,B,B,B,B,B,B,B,B,B,A,A,A,A,A,A,A,A,A,A,A,A,NA,A,A,A,A,A,A,A,A,A,A,A,A,A,NA,NA,B,NA,B,B,B,A,A,A,A,A,A,A,A,A,A,A,A,A,A,A,A,B,A,A,A,A,A,A,A,A,A,A,NA,A,A,A,A,A,B,B,A,B,B,A,A,A,A,A,A,A,A,A,A,A,A,A,A,A,A,B,B,B,B,B,B,B,NA,B,B,B,B,B,B,B,B,B,B,B,B
114,22.3,5.6,7.4,65,35.38,40.25,B,B,B,B,B,B,B,B,B,B,B,B,B,B,B,B,B,B,B,A,A,A,A,A,A,A,A,B,B,B,B,B,B,B,B,B,B,B,B,B,B,B,B,B,B,B,B,B,B,B,B,A,A,A,B,B,B,B,B,B,B,B,B,B,B,B,B,B,A,A,A,A,A,A,A,A,A,A,A,A,A,A,A,NA,A,A,A,A,B,B,B,B,B,B,B,B,B,B,B,B,A,A,A,B,B,B,B,B,B,B,B,B,B,B,NA,B,B,B,B,B,B,B,B,B,B,B,B,B,B,B,B,B,B,B,B,B,B,B,NA,B,B,B,B,B,B,B,B,B,B,B,A,A,A,A,A,A,B,B,B,B,B
115,19.5,5.5,8.3,24.6,5.3,8.1,B,B,B,B,B,B,B,B,B,B,B,B,B,B,B,B,B,B,B,B,B,B,B,B,B,B,B,B,B,B,B,B,B,B,A,A,A,A,A,A,A,A,A,A,A,A,A,A,A,A,A,A,A,A,A,A,A,A,A,A,A,A,NA,A,A,A,A,A,B,B,B,B,B,B,B,A,A,A,A,A,A,A,A,NA,A,A,A,A,A,A,A,A,A,A,A,A,A,A,A,A,B,B,B,A,A,A,A,B,B,B,B,B,B,B,NA,B,B,B,A,A,A,A,A,A,A,B,B,B,A,A,A,A,A,A,A,A,A,A,NA,A,A,B,A,A,A,A,A,A,NA,A,A,A,A,A,A,A,A,A,A,A,A
116,30.11,11.11,15.89,62.88,37.63,49.5,A,A,A,A,A,A,A,A,A,B,B,B,A,A,B,B,B,B,B,B,A,A,A,A,A,A,A,A,A,A,NA,NA,NA,NA,B,B,B,B,B,B,B,B,A,A,A,A,A,A,A,A,A,A,A,A,A,A,A,A,B,A,A,A,A,A,A,A,NA,A,A,A,A,A,A,A,A,A,A,A,A,B,B,B,B,NA,B,B,B,B,B,B,B,B,B,A,A,A,A,A,A,A,A,A,A,A,A,A,A,A,A,A,A,A,A,A,NA,A,A,A,A,A,A,A,A,A,A,B,B,B,B,B,B,B,B,B,B,B,B,B,NA,B,B,B,A,A,A,A,A,A,A,A,A,A,A,A,A,A,A,A,A,A,A
117,19.8,5.3,7,44.25,20.63,26.63,A,A,A,A,A,A,A,A,A,A,A,A,A,A,A,A,A,A,A,A,A,A,A,A,A,A,A,B,B,B,B,B,B,B,B,B,A,A,A,A,A,A,A,A,A,A,A,A,A,A,A,A,A,A,A,A,A,A,A,A,A,A,A,A,A,A,NA,A,A,A,A,A,A,A,A,A,A,A,A,B,B,B,A,NA,A,B,B,B,B,B,B,B,B,B,B,B,B,B,B,B,B,B,B,B,B,A,A,A,A,A,A,A,A,A,NA,A,A,A,A,A,A,B,B,B,B,B,B,B,B,B,B,B,B,B,A,A,A,A,NA,A,A,A,B,B,B,B,B,B,B,A,A,A,A,A,A,A,B,B,B,B,B
118,21,5.7,7.9,38.71,11.86,17.57,A,A,A,A,B,B,B,B,A,B,NA,NA,B,B,B,B,B,B,NA,NA,A,B,B,B,B,B,A,A,A,A,A,A,A,A,NA,A,A,NA,A,A,A,A,A,A,A,A,A,A,A,A,A,A,A,A,A,A,B,B,B,A,B,A,A,A,A,A,A,A,A,A,B,B,B,B,B,B,B,B,B,B,B,NA,B,NA,A,A,A,A,A,A,A,A,A,A,A,A,A,A,NA,NA,A,A,A,A,A,A,A,A,A,A,A,A,A,A,NA,NA,NA,A,A,B,A,B,A,A,A,A,A,NA,A,A,A,A,A,A,A,A,A,A,NA,NA,A,A,A,A,A,A,A,A,NA,NA,A,A,A,A,A,A,B,B,B,B,B
119,21.89,6.78,9.22,35.1,12.6,16.2,A,A,A,A,A,A,A,NA,B,B,B,B,B,B,A,A,A,A,A,A,A,A,A,A,A,A,A,A,A,A,A,A,A,A,A,A,A,A,A,A,A,A,A,A,A,A,A,A,A,A,A,A,A,A,A,A,A,A,A,A,A,A,A,A,A,A,A,A,B,B,B,B,B,B,B,B,B,B,B,B,B,B,B,NA,B,B,B,B,B,B,B,B,B,B,B,B,B,B,B,B,A,A,A,A,B,B,B,B,B,B,B,B,B,B,NA,B,B,B,B,B,B,B,B,B,B,A,A,A,A,A,A,A,A,A,A,A,A,A,A,A,B,B,B,B,B,B,B,B,B,A,A,A,A,A,A,A,A,A,A,A,A
120,18.9,5.8,7.7,24,6.2,8.2,B,B,B,B,B,B,B,B,B,B,A,A,A,A,A,A,A,A,A,A,A,A,A,A,A,A,A,A,A,A,A,A,A,A,A,A,A,A,A,A,A,A,A,A,A,A,A,A,B,B,B,B,B,B,B,B,B,B,B,A,A,A,A,A,A,A,A,A,B,B,B,NA,NA,NA,NA,NA,NA,NA,A,A,A,A,A,NA,A,A,B,B,B,B,B,B,B,B,B,B,B,B,B,B,B,B,B,A,A,A,A,A,A,A,A,A,A,A,NA,A,A,A,A,A,A,A,A,A,A,A,A,A,A,A,A,A,A,A,B,B,B,B,B,B,B,A,A,A,A,A,A,A,A,B,B,B,B,B,B,A,A,A,A,A,A
121,23.4,8.4,11.1,38.1,12.9,16.9,A,A,A,A,A,A,A,B,B,B,B,B,B,B,B,B,B,B,B,B,B,B,A,A,A,A,A,A,A,A,A,A,A,B,A,A,A,A,A,A,B,B,B,B,B,B,B,B,B,B,B,B,B,B,B,B,B,B,B,B,A,A,A,A,A,A,A,A,B,B,B,B,B,B,B,B,B,B,B,B,B,B,NA,NA,A,A,A,A,A,A,A,A,A,A,A,A,A,A,A,A,A,A,A,A,B,B,B,B,B,A,A,A,A,A,NA,A,A,A,A,A,A,A,A,A,A,A,A,A,A,A,A,A,A,A,A,A,A,A,NA,A,A,A,B,B,B,B,B,B,B,B,B,B,B,A,A,A,A,A,A,A,A
122,21.9,6,8.5,36,11.22,15.22,A,A,B,B,A,A,A,A,A,A,A,A,A,A,A,A,A,A,A,A,A,A,A,A,A,A,A,A,A,B,B,B,B,B,A,B,B,B,B,B,B,B,B,B,B,B,NA,B,B,B,B,B,B,B,B,B,B,B,B,B,B,B,B,B,B,B,B,A,B,B,B,B,B,B,B,B,B,B,B,A,A,A,A,NA,A,A,A,A,A,A,A,A,A,A,A,A,A,A,A,A,A,A,A,A,A,B,B,B,B,B,B,B,B,B,NA,B,B,B,NA,B,B,B,A,A,A,B,B,B,B,B,B,B,B,A,A,A,A,A,NA,A,A,A,A,B,A,A,A,A,A,A,A,B,B,B,B,B,B,B,A,A,A
123,21.71,6.29,8.71,43.13,18.63,25.75,A,A,A,A,A,A,A,A,A,A,A,A,A,A,A,A,A,A,A,A,A,A,A,A,A,A,A,A,A,A,A,A,A,A,A,A,A,A,A,A,A,A,A,A,A,NA,A,A,A,A,A,A,A,A,B,B,B,A,A,A,A,A,A,A,A,A,A,A,A,A,A,A,A,A,A,A,A,A,A,A,A,A,A,NA,A,A,A,A,A,A,A,A,A,A,A,A,A,NA,A,A,A,A,A,A,A,B,B,B,B,B,B,B,B,B,NA,B,B,B,B,B,B,B,B,A,A,B,A,A,A,A,A,A,A,A,A,A,A,A,NA,A,A,A,A,A,A,A,A,A,NA,A,A,A,A,A,A,A,A,A,A,A,A
124,18.2,4.8,7.3,22.9,5.6,8.2,B,B,B,B,B,B,B,B,B,A,A,A,A,A,A,A,A,A,A,A,A,A,A,A,A,A,A,A,A,A,A,A,A,A,B,A,A,A,A,A,A,A,A,A,A,B,A,A,B,B,B,B,B,B,B,B,B,B,B,B,A,A,A,A,A,A,A,A,B,B,B,B,B,B,A,A,A,A,A,A,A,A,A,NA,A,A,A,A,A,A,A,A,A,A,A,A,A,A,A,A,B,B,B,A,A,A,A,A,A,A,B,B,B,B,NA,B,B,B,B,B,B,B,B,B,A,A,A,A,A,A,A,A,A,A,A,A,A,A,NA,A,A,A,A,A,A,A,A,A,A,A,A,A,A,A,A,A,A,A,A,A,A
125,24.2,7.9,11.3,71.75,40.33,48.38,B,B,A,A,A,A,A,A,A,A,A,A,B,B,B,B,B,B,B,B,B,B,B,B,B,B,B,B,B,B,B,B,B,B,B,B,B,B,B,B,B,B,B,B,B,B,B,B,A,A,A,A,A,A,A,A,A,A,A,A,A,A,A,A,A,A,A,A,A,A,A,A,A,A,A,A,A,A,A,A,A,A,A,NA,A,B,B,B,B,B,B,B,B,B,B,B,B,B,B,B,B,B,B,B,B,B,B,B,A,A,A,A,A,A,NA,A,A,A,A,A,A,NA,A,A,A,B,B,B,B,B,B,B,B,B,B,B,B,B,NA,B,B,A,A,A,A,A,A,A,NA,A,A,A,A,A,A,A,A,A,A,A,A
126,20.89,6,8.22,25.6,6.8,9.8,B,B,B,B,B,B,B,B,B,B,B,B,B,B,A,A,A,A,A,A,A,A,NA,NA,NA,NA,B,B,B,B,B,B,B,B,A,A,A,A,A,A,A,A,A,A,A,A,A,A,A,A,A,A,A,A,B,B,B,B,B,B,B,A,NA,A,A,A,A,A,A,A,A,A,A,A,A,A,B,B,B,B,B,B,B,NA,B,B,B,B,B,B,B,B,B,B,B,B,B,B,B,B,B,B,B,A,B,B,B,B,B,B,B,B,B,B,NA,A,A,A,A,B,A,A,A,A,A,A,A,A,A,A,A,A,A,A,A,A,A,B,B,B,A,B,A,A,A,A,A,A,A,A,A,A,A,B,B,B,A,A,A,A,A
127,20.2,5.8,8,26,6.67,9.22,B,B,B,B,A,A,A,A,A,A,A,A,B,B,B,B,B,B,B,B,B,B,B,B,B,B,B,B,B,B,B,B,B,B,A,A,A,A,A,A,A,A,A,B,B,B,B,B,B,B,B,B,B,B,B,B,B,B,B,B,A,A,A,B,B,B,B,B,B,B,B,B,NA,B,B,B,B,B,B,B,B,B,B,NA,B,B,B,B,B,B,B,B,B,B,B,B,B,B,B,B,B,B,B,A,A,B,B,B,B,B,B,B,B,B,NA,B,B,B,B,B,B,B,B,B,B,A,A,B,B,B,B,B,B,B,A,A,A,A,A,A,B,B,B,B,B,B,B,B,NA,B,B,A,A,A,A,A,A,A,A,A,A
128,18.44,4.78,6.89,24.8,6,9.2,B,B,B,B,B,B,B,B,B,B,B,B,A,A,A,A,A,A,A,A,A,A,A,A,A,A,B,A,A,A,A,A,A,A,A,A,A,A,A,A,A,A,A,A,A,A,A,A,A,A,A,A,A,A,A,A,A,A,A,A,A,A,A,A,A,A,A,A,B,B,B,B,B,B,B,B,B,B,B,B,B,B,B,NA,B,B,B,B,B,B,B,B,B,B,B,B,B,B,B,B,B,B,B,B,B,B,B,B,B,B,B,B,B,B,NA,B,B,B,B,B,B,B,B,B,A,B,B,B,B,A,A,A,A,A,A,A,A,A,NA,A,A,A,A,A,A,A,A,A,A,A,A,A,A,A,A,A,A,A,A,A,A
129,21.9,5.5,7.1,42,16,19.8,A,A,A,A,A,A,A,A,A,A,A,A,A,A,A,A,A,A,A,A,A,A,A,A,A,A,A,A,A,A,A,A,A,A,B,B,B,B,B,B,B,B,B,B,B,NA,B,B,B,B,B,B,B,B,B,B,B,B,B,B,B,B,B,B,B,B,B,NA,A,A,A,A,A,A,A,A,A,A,A,A,A,A,A,NA,A,A,B,B,B,B,B,B,B,B,B,B,B,B,B,B,B,B,B,B,A,A,A,A,A,A,A,A,A,A,NA,A,A,A,B,B,B,B,B,B,B,A,A,A,A,A,A,A,A,A,A,A,A,B,B,B,B,B,B,B,B,B,B,B,B,B,B,B,B,B,B,B,B,B,B,B,B
130,20.56,5,7,42.22,16.78,21.44,A,A,A,A,A,A,A,A,A,A,A,B,B,B,B,B,B,B,B,B,B,B,B,B,B,B,B,B,B,B,B,B,B,B,A,A,A,A,A,A,A,A,A,A,A,A,A,A,A,A,A,A,A,A,A,A,A,A,A,B,B,B,B,B,B,B,B,B,A,A,A,A,A,A,A,A,A,A,A,A,A,A,A,NA,A,A,B,B,B,B,B,B,B,B,B,B,B,B,B,B,B,A,A,B,B,B,B,B,B,B,B,B,B,B,NA,B,B,B,B,B,B,B,B,B,B,B,B,B,B,A,A,A,A,A,A,B,B,B,NA,B,B,B,B,B,B,B,B,B,B,B,B,B,B,B,B,B,B,B,B,B,B
131,25.7,7.6,9.7,51.5,24.5,29.13,A,A,A,A,A,A,A,A,A,A,A,A,B,B,B,B,B,B,B,B,B,NA,NA,NA,NA,NA,A,A,A,B,B,A,A,A,B,B,B,B,B,B,B,B,B,B,B,A,B,B,B,B,B,B,B,B,B,B,B,B,B,B,B,B,B,B,B,B,B,B,A,A,A,A,A,A,B,B,NA,B,B,B,B,B,NA,NA,NA,NA,B,B,B,B,B,B,B,B,B,B,B,B,B,B,B,B,B,NA,A,A,A,A,A,A,A,A,A,A,NA,A,A,A,A,B,B,B,B,B,B,A,A,A,A,A,A,A,A,A,A,A,A,B,B,B,B,B,B,B,B,B,B,B,B,B,B,A,A,A,A,A,A,B,NA,NA,A
132,19.8,4.9,6.8,24,5.5,8.4,B,B,B,B,B,B,B,B,B,B,B,B,B,B,B,B,B,B,B,B,B,B,B,B,B,B,B,B,B,B,B,B,B,A,A,A,A,A,A,B,B,B,B,B,A,NA,A,A,A,A,A,A,A,A,A,A,A,A,A,A,A,A,NA,A,A,A,NA,A,A,A,A,A,A,A,A,A,A,A,A,A,A,A,A,NA,A,A,A,A,A,A,A,A,A,A,A,A,B,B,B,B,B,B,B,A,B,A,A,A,A,A,A,A,A,A,NA,A,A,A,A,A,A,A,A,A,A,A,A,A,A,A,A,A,A,A,A,A,A,A,B,B,B,B,A,A,A,A,B,A,A,A,A,A,A,A,A,A,A,A,A,A,A
133,18.2,4.9,6.3,22.44,4.67,6.22,B,B,B,B,B,B,B,B,B,B,B,B,A,A,A,A,A,B,B,A,A,A,A,A,A,A,A,A,A,A,A,A,A,B,B,B,B,A,A,A,A,A,A,A,A,NA,A,B,B,B,A,A,A,A,A,A,A,A,NA,A,A,B,B,B,B,B,B,B,A,A,A,A,A,A,A,A,A,A,A,A,A,A,A,NA,A,A,A,A,A,A,A,A,A,A,A,A,A,A,A,A,A,A,A,A,A,B,B,B,B,B,B,B,B,B,NA,B,B,B,B,B,B,B,B,B,B,A,A,A,A,A,A,A,A,A,A,A,A,A,NA,A,A,B,B,B,B,B,B,A,A,A,A,A,A,A,A,A,A,A,A,A,A
134,22.5,6.2,9.2,46.1,21,27,NA,B,A,A,A,A,A,A,A,B,B,B,B,B,B,B,B,B,B,B,A,A,A,B,B,B,A,A,A,A,A,A,A,A,B,B,B,B,B,B,B,A,A,A,A,NA,B,B,B,B,B,B,B,B,B,B,B,B,B,B,B,B,B,B,B,B,A,A,A,A,A,A,A,A,A,A,A,A,A,A,A,A,A,NA,B,B,A,A,A,A,A,A,A,A,B,B,A,A,B,B,B,B,B,NA,B,B,B,B,B,B,B,B,B,B,NA,B,B,B,B,B,B,B,A,A,A,A,A,A,A,B,A,A,A,A,A,A,A,A,NA,A,A,A,A,A,A,A,B,B,B,B,B,B,B,B,B,B,B,B,B,B,A
135,18,4.3,6.8,22.43,5.29,7.57,B,B,B,B,B,B,B,B,B,A,A,A,B,B,B,B,B,B,A,A,A,A,A,A,A,A,A,A,A,A,A,A,A,A,A,A,A,A,A,A,A,A,A,A,A,A,A,A,A,A,A,A,A,A,A,A,A,A,A,A,A,A,A,A,B,B,B,A,B,B,B,A,A,A,A,A,A,A,A,A,A,A,A,NA,A,A,A,A,A,A,A,A,A,A,A,A,B,B,B,B,B,B,B,B,B,B,B,B,B,B,B,B,B,B,NA,B,B,B,B,B,B,B,B,B,A,B,B,B,B,B,A,A,A,A,A,A,A,A,NA,A,A,A,A,A,A,A,A,A,A,A,A,A,A,A,A,A,A,A,A,A,A
136,17.38,4.38,5.88,21.1,4.6,6.9,A,A,B,B,B,B,B,A,A,A,A,A,A,A,A,A,A,B,B,B,A,A,A,A,A,A,A,A,A,A,A,A,A,A,B,B,B,B,B,B,B,B,B,B,B,B,B,B,B,B,B,A,A,A,A,A,A,A,A,A,A,A,A,A,A,A,A,A,NA,B,B,B,A,A,A,A,A,A,A,B,B,B,B,NA,A,A,A,A,A,A,A,A,A,A,A,A,A,A,A,A,A,A,A,A,A,A,A,A,A,A,A,A,A,A,NA,A,A,A,B,B,B,B,B,A,A,A,A,A,A,A,A,A,A,A,A,A,A,A,NA,A,A,A,A,A,A,A,A,A,A,A,A,A,A,A,A,B,B,B,B,B,B
137,17.1,4.7,6.4,21.57,5,6.43,B,B,B,B,B,B,B,B,B,B,B,B,A,A,A,A,A,A,A,A,A,A,A,A,A,A,A,A,A,A,A,A,A,A,A,A,A,A,A,A,A,A,A,A,A,A,A,A,A,A,A,A,A,A,A,A,A,A,A,A,A,A,A,A,A,A,A,A,B,B,B,B,B,B,B,B,B,B,B,B,B,B,B,NA,B,B,A,A,A,A,A,A,B,B,B,B,B,B,B,B,B,B,B,B,B,A,A,A,A,A,A,A,A,A,NA,A,A,A,A,A,A,A,A,B,B,A,A,A,A,A,A,A,A,B,A,A,A,A,NA,A,A,A,B,B,B,B,B,B,B,B,B,B,B,B,B,B,B,B,B,B,B
138,20.2,5.6,7.9,36.2,12.9,18.8,B,B,B,B,B,B,B,B,B,B,A,A,A,A,B,B,B,B,B,B,B,B,B,B,B,B,B,B,B,B,B,B,B,B,A,A,A,A,A,A,A,A,A,A,A,A,A,A,B,B,B,B,B,B,B,B,B,B,B,B,B,B,B,B,B,B,B,B,B,B,B,B,B,B,B,B,B,B,B,B,B,B,B,NA,B,B,B,B,B,B,B,B,B,B,B,A,NA,A,A,A,A,A,A,A,A,A,A,A,A,A,A,A,A,A,NA,A,A,A,A,A,A,A,A,A,A,B,B,B,B,B,B,B,B,B,B,B,B,B,NA,B,B,B,B,B,B,B,B,A,A,A,A,A,A,A,A,A,B,B,B,B,B
139,20.8,6.7,9.3,46.2,22.5,29.1,A,A,A,A,A,A,A,A,A,A,B,B,B,B,B,B,B,B,B,B,B,B,B,B,B,A,A,A,A,A,A,A,A,A,A,A,A,A,A,A,A,A,A,A,A,NA,A,A,A,A,A,A,A,A,A,A,A,A,A,A,A,A,NA,A,A,A,A,A,B,B,B,B,A,A,A,A,A,A,A,A,A,A,A,NA,A,A,A,A,A,A,A,A,A,A,A,A,A,A,A,B,B,B,B,B,B,B,B,B,B,B,B,B,B,B,NA,B,B,B,B,NA,B,B,B,B,B,A,A,A,A,A,A,A,A,A,A,A,A,A,NA,A,A,A,B,B,B,B,B,B,B,B,B,B,B,B,B,B,B,B,A,A,B
140,25.5,9.1,12.1,49.5,21.67,28,A,A,A,A,A,A,A,A,A,B,B,B,B,B,B,B,B,B,B,B,B,B,B,B,B,B,A,A,A,B,B,B,B,B,B,A,A,B,B,B,B,B,B,A,A,NA,A,A,A,A,A,A,A,A,A,A,A,A,A,A,A,B,B,B,B,NA,B,NA,A,A,A,A,A,A,A,A,B,B,A,A,A,A,A,NA,A,A,A,A,A,A,A,B,B,B,B,B,B,B,B,B,B,B,B,B,B,B,B,B,A,A,A,A,A,A,NA,A,A,A,A,A,A,A,A,A,A,A,A,A,A,A,A,A,A,A,A,A,A,A,NA,A,A,A,A,A,A,A,A,A,A,A,A,A,A,A,A,A,A,A,A,A,A
141,19.1,6.2,8.5,23.8,5.6,8.5,B,B,B,B,B,B,B,B,B,B,B,B,B,B,B,B,B,B,B,B,B,B,B,B,B,B,B,B,B,B,B,B,B,B,A,A,B,B,B,B,B,B,A,A,A,A,A,A,A,A,A,A,A,A,A,A,A,A,A,A,A,A,A,A,A,B,B,A,B,B,B,B,B,B,B,B,B,A,A,A,A,A,A,NA,A,A,A,A,A,A,A,A,A,A,B,B,B,B,B,B,B,B,B,B,B,B,B,B,B,B,B,B,B,B,NA,B,B,A,A,A,A,A,A,A,A,B,B,B,B,B,B,A,A,A,A,A,A,A,NA,A,A,A,A,A,A,A,A,A,A,A,A,A,A,A,A,A,A,A,A,A,A
142,22.78,7.67,10.11,30.22,9.56,12.67,B,B,B,B,B,B,B,B,B,A,B,B,B,B,B,B,B,B,B,B,A,A,A,A,A,B,A,A,A,A,A,A,A,A,B,B,B,B,B,B,B,B,B,B,B,B,NA,B,B,B,B,B,B,B,A,A,A,A,A,A,A,A,A,A,A,A,A,A,A,A,A,B,B,B,B,B,B,B,B,B,B,A,A,NA,A,B,B,B,B,B,B,B,B,B,B,B,B,B,B,B,B,B,B,A,A,A,A,A,A,A,A,A,A,A,NA,A,A,A,A,A,A,A,A,A,A,B,B,B,B,A,A,A,A,A,A,B,B,B,A,A,A,A,A,A,A,A,A,A,A,A,A,A,A,A,A,A,A,A,A,A,A
143,19.56,5.11,7.22,26,6.8,9,B,B,B,B,B,B,B,B,B,B,B,B,A,A,A,A,A,A,A,A,A,A,A,A,A,A,A,A,A,A,A,A,A,A,A,A,B,B,B,B,B,B,B,B,B,B,B,B,B,B,B,B,B,B,B,B,B,B,B,B,B,B,B,B,B,B,B,B,NA,A,A,A,A,A,A,A,A,A,A,A,B,B,B,NA,B,B,B,B,B,B,B,B,B,B,B,B,B,B,B,B,B,B,B,B,B,B,B,B,B,B,B,B,B,B,NA,A,A,A,A,A,A,A,A,A,B,A,A,A,A,A,A,B,B,B,B,A,A,A,NA,A,A,A,A,A,A,A,A,A,A,A,A,A,A,A,A,B,A,A,A,A,B
144,22.13,5.88,8.13,40.88,13.13,18.13,B,B,B,B,B,B,B,B,B,B,A,A,B,B,B,B,B,B,B,B,B,B,B,B,B,B,B,B,B,B,B,B,B,B,B,B,B,B,B,B,B,B,B,B,B,NA,A,A,A,A,A,A,A,A,A,A,A,A,A,A,A,A,B,B,B,B,B,A,NA,A,A,A,A,A,A,B,B,B,B,A,A,A,A,NA,A,A,A,A,A,A,A,A,A,A,A,A,A,A,A,A,A,A,A,A,A,A,A,A,A,A,A,A,A,A,NA,A,A,A,A,A,A,A,A,A,A,B,B,B,B,B,B,B,B,B,B,B,B,B,B,B,A,A,B,B,B,A,A,A,A,A,B,B,B,B,B,B,B,B,B,B,B
145,20.4,4.7,6.8,23.5,4.8,6.8,B,B,B,B,B,B,B,B,B,B,B,B,B,B,B,B,B,B,A,A,A,A,A,A,A,A,B,B,B,B,B,B,B,A,A,B,B,B,B,B,B,B,B,B,B,B,B,B,B,B,B,B,B,B,B,B,A,A,A,A,A,A,A,A,A,A,A,A,A,A,A,A,A,A,A,A,A,A,A,A,A,A,A,NA,A,A,B,B,B,B,B,B,B,B,B,B,B,B,B,B,B,B,B,A,A,A,A,A,B,B,B,B,B,B,NA,B,B,B,A,A,A,A,A,A,B,A,A,A,A,A,A,A,A,A,A,A,A,A,NA,A,A,A,A,A,A,A,A,A,A,A,A,A,A,A,A,A,A,A,A,A,A
146,18.6,5.7,7.7,22.6,4.9,7.3,B,B,B,B,B,B,B,B,B,B,B,B,NA,NA,NA,NA,NA,NA,NA,B,A,A,A,A,A,A,A,B,B,B,B,B,B,B,A,A,A,A,A,A,A,A,A,A,A,A,A,A,A,A,A,A,A,A,A,A,A,A,A,A,A,A,NA,A,A,A,A,A,B,B,B,B,B,B,B,B,B,B,B,B,B,B,B,NA,B,B,B,B,B,B,B,B,B,B,B,B,B,B,B,B,B,B,B,B,B,B,A,A,A,A,A,A,A,A,NA,A,A,A,A,A,A,A,A,A,A,A,A,A,A,A,A,A,A,A,A,A,A,A,NA,A,A,A,A,A,A,A,A,A,A,A,A,A,A,A,A,A,A,A,A,A,A
147,22.6,6.7,8.7,28.5,6.6,8.4,B,B,B,B,A,A,A,B,B,B,B,B,B,B,B,B,B,B,B,B,B,B,A,A,A,A,A,A,A,B,B,B,B,A,B,B,B,B,B,B,B,B,B,B,B,B,B,B,B,B,B,B,B,B,B,B,B,B,A,A,A,A,NA,B,B,B,B,A,A,A,A,A,A,A,A,A,A,A,A,A,A,A,A,NA,A,A,A,A,A,A,A,A,A,A,A,A,A,A,A,A,A,A,A,B,B,B,B,B,B,B,A,A,A,A,NA,A,A,A,B,B,B,B,B,B,B,A,A,A,A,A,A,B,B,B,B,B,B,B,NA,B,B,B,B,B,B,B,B,B,B,B,B,B,B,B,B,B,A,A,A,A,A
148,23.5,6.9,9.3,52.5,32.63,41.75,A,A,B,B,B,B,B,B,B,B,B,B,B,B,B,B,B,B,B,B,A,A,A,A,A,A,A,A,A,A,B,B,B,B,A,B,A,A,A,A,A,A,A,A,A,A,A,A,A,A,A,A,A,A,A,A,A,A,A,A,A,B,NA,B,B,B,B,B,B,B,B,B,B,B,B,B,B,B,B,B,B,B,B,NA,B,B,B,B,B,B,B,B,B,B,B,B,B,B,B,B,B,B,B,A,A,A,A,A,A,A,A,A,B,B,NA,A,A,A,A,A,A,A,A,B,B,B,B,B,B,B,B,B,B,B,B,B,B,B,NA,B,B,A,A,A,A,A,A,A,A,A,A,A,A,A,A,A,A,A,A,A,A
149,24.1,8.7,11.3,44.22,21.44,29.56,A,A,A,A,A,B,B,B,B,B,B,B,B,B,A,A,A,A,A,A,A,A,A,A,A,A,A,A,A,A,A,A,A,A,A,A,A,A,A,A,A,A,A,A,A,A,A,A,A,A,A,A,A,A,A,A,A,A,B,B,B,B,B,B,B,B,B,B,A,A,A,A,A,A,A,A,A,A,A,A,B,B,B,NA,B,B,B,B,B,A,A,A,A,A,A,A,A,A,A,A,A,A,A,A,A,A,A,A,A,A,A,A,B,B,NA,B,B,B,B,B,B,B,B,B,B,A,A,A,A,A,A,A,A,A,A,A,A,A,NA,A,B,B,A,A,A,A,A,A,NA,A,A,A,A,A,A,A,A,A,A,A,A
150,22,6.44,8.56,29.1,8.1,10.8,B,B,B,B,B,B,B,B,B,B,B,B,B,B,B,B,B,B,B,B,B,B,A,A,A,A,A,A,A,A,A,A,A,A,B,B,B,B,B,B,B,B,B,A,A,A,A,A,A,A,A,A,A,A,A,A,A,A,A,A,B,B,B,B,B,B,B,B,A,A,A,A,A,A,A,A,A,A,A,A,A,A,A,NA,A,A,A,A,A,A,A,A,A,A,A,A,A,A,A,A,A,A,A,A,A,A,A,A,A,A,A,A,A,A,NA,A,A,A,A,A,A,A,A,A,A,B,B,A,A,A,A,A,A,A,A,B,B,B,NA,B,B,A,A,A,A,A,A,A,A,A,A,A,A,A,A,A,A,A,A,A,A
151,22.1,6.3,8.9,50,25.75,33.38,A,A,A,B,B,A,A,A,A,A,B,B,B,B,B,B,B,B,B,B,B,B,B,B,A,A,A,B,B,B,B,B,B,A,B,B,B,B,B,B,A,A,A,A,A,A,A,A,A,B,B,B,B,B,B,B,B,B,A,A,A,A,A,A,A,A,A,A,A,A,A,A,A,A,A,A,A,A,A,A,A,A,A,NA,A,A,A,A,A,A,B,B,B,B,B,B,B,B,B,B,B,B,B,B,A,A,A,NA,NA,B,B,B,A,A,NA,A,A,A,A,A,A,A,A,B,B,B,B,B,B,B,B,B,B,B,B,B,B,B,NA,B,B,A,A,A,A,A,A,A,A,A,A,A,A,A,A,A,A,A,B,B,B
152,20.6,5.7,8.1,27.2,7.5,11.2,B,B,B,B,B,B,B,B,B,A,A,A,A,A,A,A,A,A,A,A,A,B,B,B,B,B,B,A,A,B,B,B,B,B,B,B,B,B,A,A,A,A,A,A,A,A,A,A,A,A,A,A,A,A,A,A,A,A,A,A,A,A,A,A,A,A,A,A,A,A,A,A,A,A,A,A,A,A,A,A,A,A,A,NA,NA,A,A,A,A,A,A,A,A,A,A,A,A,A,A,A,B,B,B,A,B,B,B,B,B,B,A,A,A,A,NA,A,A,A,A,A,A,A,B,B,A,A,A,A,A,A,A,A,A,A,A,B,B,B,NA,B,B,B,B,B,B,B,B,B,B,B,B,B,B,B,A,A,A,A,A,A,A
153,17.6,4.4,5.9,21.9,4,5.4,B,B,B,B,B,B,B,B,B,B,B,B,B,B,B,B,B,B,B,B,B,B,B,A,A,A,A,A,A,A,B,B,B,B,B,B,B,B,B,B,B,B,B,B,B,NA,B,B,B,B,A,A,A,A,A,A,A,A,A,A,A,A,NA,A,A,A,A,A,A,A,A,A,A,A,A,A,A,A,A,A,A,A,A,NA,A,A,A,A,A,A,A,A,A,A,A,A,A,A,A,A,A,A,A,B,B,B,B,B,B,B,B,B,B,B,NA,B,A,A,A,A,A,A,A,B,B,A,A,A,A,A,A,A,A,A,A,A,A,A,NA,A,A,A,A,A,A,B,B,B,B,B,B,B,B,B,B,B,B,B,B,B,A
154,19.89,5.89,7.67,25.3,5,7.7,B,A,A,B,B,B,B,B,B,B,B,B,B,B,B,B,B,B,B,B,B,B,B,B,B,B,B,B,B,B,B,B,A,A,B,B,B,B,B,B,B,A,A,A,B,A,B,B,B,A,A,A,A,A,A,A,A,A,A,B,B,NA,B,B,A,A,NA,A,NA,A,NA,A,A,A,A,A,A,A,A,A,A,A,A,NA,B,B,B,B,B,B,B,B,B,B,B,B,B,B,B,A,A,A,A,A,A,A,A,A,A,B,B,B,B,B,NA,B,B,B,B,A,B,A,B,B,B,A,A,A,A,A,A,A,A,A,A,A,A,A,NA,A,A,A,A,A,A,A,A,A,A,A,A,A,A,A,A,A,A,A,A,A,A
155,26.6,9.6,12.2,42.8,16.7,22.1,B,B,A,A,B,B,B,B,B,B,B,B,B,B,B,B,B,B,B,B,B,B,B,B,B,B,B,B,B,B,B,B,B,B,A,A,B,B,B,B,B,B,B,B,B,B,B,B,B,B,B,B,B,B,B,B,B,B,B,B,B,A,NA,A,A,A,A,A,A,A,A,A,A,A,A,A,A,A,A,A,A,A,A,NA,A,A,A,A,A,A,A,A,A,A,A,A,A,A,A,A,B,B,B,A,A,B,B,B,B,B,B,B,B,B,NA,B,B,B,B,B,B,B,B,B,B,A,A,A,A,A,A,A,A,A,A,A,A,A,NA,A,A,A,A,A,A,A,A,A,NA,A,A,A,A,A,A,A,A,A,A,A,A
156,26.2,9.8,13.8,57.5,31.83,41.33,A,A,A,A,A,A,A,B,B,B,B,B,B,B,B,B,A,A,A,A,A,A,A,A,A,A,A,A,A,A,B,B,A,A,B,B,B,B,B,B,B,B,B,B,B,B,B,B,A,A,A,A,A,A,A,A,A,A,A,A,A,A,B,A,A,A,A,A,B,B,B,B,B,B,B,B,B,B,B,B,B,B,B,NA,B,B,B,B,B,B,B,B,A,A,A,A,A,A,A,A,A,A,A,B,B,B,B,B,A,A,A,A,A,A,NA,A,A,A,A,A,A,A,A,A,A,B,B,B,B,B,B,B,B,B,B,B,B,B,NA,B,B,B,B,A,A,A,A,A,A,A,A,A,A,A,A,A,A,A,A,A,A
157,23.9,8.3,11.7,70.33,37.5,45.13,A,A,A,A,A,A,A,A,A,A,B,B,B,B,B,B,B,B,B,B,B,B,B,B,B,B,B,B,B,B,B,B,B,B,A,B,A,A,A,A,A,A,A,A,A,A,A,A,A,A,A,A,A,A,A,A,A,A,A,A,A,A,A,A,A,A,A,A,A,A,A,A,A,A,A,A,A,A,A,A,A,A,A,NA,A,A,A,A,A,B,B,B,B,B,B,B,B,B,B,B,B,B,B,A,A,A,A,A,A,A,A,A,A,A,NA,A,A,A,A,A,A,A,A,A,A,B,B,B,B,B,B,B,B,B,B,B,B,B,NA,B,B,A,A,A,A,A,A,A,A,A,A,A,A,A,A,A,B,B,A,A,A
158,17.8,4.6,6.3,23.57,5.57,7.71,NA,B,B,B,B,B,B,B,B,B,B,B,B,B,A,A,A,A,A,A,A,A,A,A,A,A,A,A,A,A,A,A,A,A,B,B,A,A,A,A,A,A,A,A,A,A,A,A,A,A,A,A,A,A,A,A,A,A,A,A,A,A,A,A,A,A,A,A,A,A,A,A,A,A,A,A,A,A,A,A,A,A,A,NA,A,A,A,A,A,A,A,A,A,A,A,A,A,A,A,A,A,A,A,A,B,A,A,A,A,B,B,B,B,B,NA,B,B,B,B,B,B,B,B,B,B,A,A,A,A,A,A,A,A,A,A,B,B,B,NA,B,B,B,B,B,B,B,B,A,NA,A,A,A,A,A,A,A,A,A,B,B,B
159,18.9,4.6,6.5,25,6.1,8,B,B,B,B,B,B,B,B,B,B,B,B,B,B,B,B,B,B,B,B,B,B,B,B,A,A,A,A,A,A,A,A,A,A,A,A,A,A,A,A,A,A,B,B,B,B,B,B,B,B,B,B,B,B,B,B,B,B,B,B,B,B,B,B,B,B,B,B,A,A,NA,A,A,A,A,A,A,A,A,A,A,A,A,NA,A,A,A,A,A,A,A,A,A,B,B,B,B,B,B,B,B,B,B,B,B,A,A,B,B,B,B,B,B,B,NA,A,A,B,B,B,B,B,B,B,B,A,A,A,A,A,A,A,A,A,A,A,A,A,NA,A,A,A,B,B,B,B,B,B,B,B,B,B,B,B,B,B,A,B,B,B,B
160,18.5,5.4,7.2,23.6,5.3,7.2,B,B,B,B,B,B,B,B,B,B,B,B,B,B,B,B,A,A,A,A,A,A,A,A,A,A,A,A,A,A,A,A,A,A,A,A,A,A,A,A,A,A,A,A,A,A,A,A,A,A,A,A,A,A,A,A,A,A,A,A,A,A,A,A,A,A,A,A,A,A,A,A,B,B,B,A,A,A,A,A,A,A,A,NA,A,A,A,A,A,A,A,A,A,A,A,A,A,A,A,A,A,A,A,B,A,A,A,A,A,A,B,B,B,B,NA,B,B,B,B,B,B,B,B,B,B,A,A,A,A,A,A,A,A,A,A,A,A,A,NA,A,A,A,A,A,A,A,A,A,A,A,A,A,A,A,A,A,A,A,A,A,A
161,18.5,4.9,6.9,23.4,5.2,7.5,B,B,B,B,B,B,B,B,B,A,A,A,A,A,A,A,A,A,A,A,A,A,A,A,A,A,A,A,A,B,A,A,A,B,A,A,A,A,A,A,A,B,B,B,B,NA,B,B,B,B,B,B,B,B,B,A,A,A,A,B,A,A,NA,B,B,B,A,A,B,A,B,B,B,B,B,B,B,B,B,B,B,B,A,NA,A,A,A,A,A,A,A,A,A,A,A,A,A,A,A,NA,NA,NA,NA,B,B,B,B,B,B,B,B,B,B,B,NA,B,B,B,B,A,B,A,B,B,B,A,A,A,A,A,A,A,NA,A,A,A,A,A,NA,A,A,A,A,A,A,A,A,A,A,A,A,A,A,A,A,A,A,A,A,A,A
162,19.1,4.8,6.9,26.2,5,7.2,B,B,B,NA,B,A,A,A,A,A,B,B,B,B,A,A,B,B,B,A,A,A,A,A,A,A,A,A,A,A,A,A,B,B,A,A,A,A,A,A,A,A,A,A,A,B,A,A,A,A,A,A,A,B,B,B,B,B,B,A,B,B,B,A,A,A,B,NA,A,B,A,A,A,A,A,A,A,A,A,A,A,A,A,NA,A,A,A,A,A,A,A,A,A,A,A,A,A,A,A,A,A,A,A,B,B,A,A,A,A,A,A,A,A,A,NA,A,A,A,A,B,A,B,A,A,A,NA,A,A,A,A,A,A,A,A,A,A,A,A,NA,A,A,A,A,A,A,A,A,A,NA,A,A,A,A,B,B,B,B,B,B,B,B
